time_s,ue_id,cpu_j,radio_j,total_j
0.810462,9,0.908192,0.128,1.03619
0.812946,12,0.911919,0.128,1.03992
0.814439,7,1.86313,0.256,2.11913
0.81623,10,0.916845,0.128,1.04485
0.821793,13,1.83364,0.256,2.08964
0.835568,8,0.945853,0.128,1.07385
0.840171,6,2.04158,0.256,2.29758
0.858959,21,0.980939,0.128,1.10894
0.867165,22,0.993248,0.128,1.12125
0.870945,14,1.98271,0.256,2.23871
0.874563,24,1.00434,0.128,1.13234
0.882187,20,1.95809,0.256,2.21409
0.886923,15,2.09203,0.256,2.34803
0.907356,14,1.98271,0.256,2.23871
0.907565,19,3.06107,0.384,3.44507
0.914636,5,1.06445,0.128,1.19245
0.915198,23,1.0653,0.128,1.1933
0.921398,18,1.0746,0.128,1.2026
0.923229,11,2.0097,0.256,2.2657
0.93404,17,1.09356,0.128,1.22156
0.93626,16,1.09689,0.128,1.22489
1.12627,19,3.06107,0.384,3.44507
1.13543,11,2.0097,0.256,2.2657
1.15439,20,1.95809,0.256,2.21409
1.18766,19,3.06107,0.384,3.44507
1.25342,7,1.86313,0.256,2.11913
1.37241,13,2.85536,0.384,3.23936
1.40404,15,3.15845,0.384,3.54245
1.47112,6,2.04158,0.256,2.29758
1.5485,12,1.90931,0.256,2.16531
1.76128,22,2.08784,0.256,2.34384
1.96789,13,2.85536,0.384,3.23936
1.99291,15,3.15845,0.384,3.54245
2.21963,23,2.15579,0.256,2.41179
2.38687,17,2.09302,0.256,2.34902
2.42994,7,3.83035,0.512,4.34235
2.57124,18,1.99815,0.256,2.25415
2.57745,8,1.94832,0.256,2.20432
2.61927,24,2.03293,0.256,2.28893
2.70367,13,4.71384,0.64,5.35384
2.84268,13,4.71384,0.64,5.35384
2.86293,20,3.01647,0.384,3.40047
2.87851,11,3.0696,0.384,3.4536
2.88603,10,2.83379,0.384,3.21779
2.99201,7,3.83035,0.512,4.34235
3.03762,17,3.04976,0.384,3.43376
3.03903,14,3.98544,0.512,4.49744
3.10529,10,2.83379,0.384,3.21779
3.2108,15,5.21804,0.64,5.85804
3.43109,5,3.10519,0.384,3.48919
3.46994,15,5.21804,0.64,5.85804
3.5485,14,5.07504,0.64,5.71504
3.68473,6,3.03054,0.384,3.41454
3.76867,17,5.00377,0.64,5.64377
3.80033,17,5.00377,0.64,5.64377
3.83105,5,3.10519,0.384,3.48919
3.8731,14,5.07504,0.64,5.71504
4.21451,15,6.22526,0.768,6.99326
4.5036,23,3.21831,0.384,3.60231
4.51891,19,5.05572,0.64,5.69572
4.54296,11,4.08277,0.512,4.59477
4.54905,13,5.70791,0.768,6.47591
4.58385,17,7.09278,0.896,7.98878
4.6595,14,6.10427,0.768,6.87227
4.73699,20,4.05543,0.512,4.56743
4.92818,24,2.96927,0.384,3.35327
4.94715,17,7.09278,0.896,7.98878
4.94889,10,3.91793,0.512,4.42993
4.96384,16,2.12658,0.256,2.38258
4.97727,7,4.89127,0.64,5.53127
5.03063,22,3.17744,0.384,3.56144
5.07916,19,5.05572,0.64,5.69572
5.13683,18,3.03976,0.384,3.42376
5.24521,11,6.08142,0.768,6.84942
5.83437,11,7.03791,0.896,7.93391
6.01148,5,5.07018,0.64,5.71018
6.06588,11,7.03791,0.896,7.93391
6.09553,10,5.87837,0.768,6.64637
6.26423,7,8.84356,1.152,9.99556
6.40924,20,5.10673,0.64,5.74673
6.41196,18,4.13121,0.512,4.64321
6.51662,10,5.87837,0.768,6.64637
6.56635,22,5.19784,0.64,5.83784
6.67382,5,5.07018,0.64,5.71018
6.75376,22,6.26628,0.768,7.03428
6.79944,7,8.84356,1.152,9.99556
6.81158,7,8.84356,1.152,9.99556
6.8308,6,4.00339,0.512,4.51539
6.89175,7,8.84356,1.152,9.99556
6.98736,13,6.73857,0.896,7.63457
7.15464,14,8.02632,1.024,9.05032
7.17245,23,5.05558,0.64,5.69558
7.18887,12,3.90745,0.512,4.41945
7.21338,18,5.18043,0.64,5.82043
7.27969,20,6.15983,0.768,6.92783
7.31276,12,3.90745,0.512,4.41945
7.44723,22,7.27166,0.896,8.16766
7.5984,11,7.95763,1.024,8.98163
7.61411,22,7.27166,0.896,8.16766
7.67494,23,5.05558,0.64,5.69558
7.69528,14,8.02632,1.024,9.05032
7.87504,10,6.83595,0.896,7.73195
7.95837,5,7.13749,0.896,8.03349
8.08649,6,6.88745,0.896,7.78345
8.17587,12,4.86255,0.64,5.50255
8.26751,6,6.88745,0.896,7.78345
8.30348,5,7.13749,0.896,8.03349
8.46959,16,3.04098,0.384,3.42498
8.50507,6,7.9626,1.024,8.9866
8.53803,11,8.90522,1.152,10.0572
8.68561,23,6.10345,0.768,6.87145
8.89817,9,2.7529,0.384,3.1369
8.95412,8,3.92968,0.512,4.44168
8.9951,7,9.85531,1.28,11.1353
9.05649,6,7.9626,1.024,8.9866
9.26652,24,3.87806,0.512,4.39006
9.37739,12,5.87124,0.768,6.63924
9.41028,9,2.7529,0.384,3.1369
9.48708,8,3.92968,0.512,4.44168
9.55288,13,7.66981,1.024,8.69381
9.58966,11,9.85975,1.28,11.1398
9.64967,18,6.13297,0.768,6.90097
9.66536,22,8.3025,1.024,9.3265
9.80508,10,7.77927,1.024,8.80327
9.88106,16,4.1077,0.512,4.6197
10.042,15,7.23164,0.896,8.12764
10.445,14,8.9405,1.152,10.0925
10.4815,11,10.8554,1.408,12.2634
10.5122,5,9.23614,1.152,10.3881
10.6736,7,12.7707,1.664,14.4347
10.7097,5,9.23614,1.152,10.3881
10.7649,19,6.13595,0.768,6.90395
10.771,15,8.23038,1.024,9.25438
10.8381,7,12.7707,1.664,14.4347
10.9933,10,9.84057,1.28,11.1206
11.1105,7,13.7905,1.792,15.5825
11.1754,8,4.96585,0.64,5.60585
11.1831,9,3.82836,0.512,4.34036
11.4409,23,7.06575,0.896,7.96175
11.5791,10,9.84057,1.28,11.1206
11.6218,21,2.89644,0.384,3.28044
11.6956,21,2.89644,0.384,3.28044
11.712,7,14.802,1.92,16.722
12.0499,7,14.802,1.92,16.722
12.4401,8,7.00724,0.896,7.90324
12.6089,14,11.8558,1.536,13.3918
12.6538,6,9.01082,1.152,10.1628
12.7322,24,5.89932,0.768,6.66732
12.7835,9,5.74666,0.768,6.51466
12.7991,10,10.8807,1.408,12.2887
12.8946,14,11.8558,1.536,13.3918
12.9189,24,5.89932,0.768,6.66732
12.9819,14,11.8558,1.536,13.3918
13.0339,7,15.901,2.048,17.949
13.0684,8,7.00724,0.896,7.90324
13.1066,22,9.34759,1.152,10.4996
13.3005,9,5.74666,0.768,6.51466
13.5423,17,8.07513,1.024,9.09913
13.6517,20,7.0705,0.896,7.9665
13.7099,16,5.1702,0.64,5.8102
13.8218,19,7.07008,0.896,7.96608
13.8335,13,8.59038,1.152,9.74238
13.927,14,12.8545,1.664,14.5185
14.1129,15,10.3435,1.28,11.6235
14.5437,21,3.84895,0.512,4.36095
14.5942,9,6.69747,0.896,7.59347
14.678,15,10.3435,1.28,11.6235
14.6968,10,11.8463,1.536,13.3823
14.7386,6,11.0365,1.408,12.4445
14.8176,7,18.0634,2.304,20.3674
14.9409,7,18.0634,2.304,20.3674
15.1474,6,11.0365,1.408,12.4445
15.2305,24,7.9177,1.024,8.9417
15.3304,11,11.8732,1.536,13.4092
15.348,18,7.05934,0.896,7.95534
15.4831,16,8.12658,1.024,9.15058
15.5804,12,6.79131,0.896,7.68731
15.6225,16,8.12658,1.024,9.15058
15.8221,24,7.9177,1.024,8.9417
16.1101,16,8.12658,1.024,9.15058
16.1409,21,4.80976,0.64,5.44976
16.2525,6,12.0197,1.536,13.5557
16.435,8,8.84183,1.152,9.99383
16.5351,8,8.84183,1.152,9.99383
16.6692,14,13.7833,1.792,15.5753
16.7192,12,7.77422,1.024,8.79822
16.7636,15,11.253,1.408,12.661
16.95,22,10.4417,1.28,11.7217
17.016,7,19.0094,2.432,21.4414
17.194,24,8.90317,1.152,10.0552
17.254,20,8.00004,1.024,9.02404
17.3492,9,7.70615,1.024,8.73015
17.4953,11,12.7799,1.664,14.4439
17.6557,14,14.8781,1.92,16.7981
17.9717,5,11.4173,1.408,12.8253
18.011,20,9.08645,1.152,10.2385
18.0547,17,9.0866,1.152,10.2386
18.0778,18,8.05877,1.024,9.08277
18.1295,13,9.67462,1.28,10.9546
18.1922,24,10.8367,1.408,12.2447
18.2463,21,5.88362,0.768,6.65162
18.4146,7,19.9162,2.56,22.4762
18.5231,5,11.4173,1.408,12.8253
18.6508,24,10.8367,1.408,12.2447
18.9227,6,13.0342,1.664,14.6982
19.004,10,13.8689,1.792,15.6609
19.1196,16,9.17228,1.152,10.3243
19.3107,10,14.8502,1.92,16.7702
19.4464,11,13.8572,1.792,15.6492
19.5138,20,9.98754,1.28,11.2675
19.5501,13,11.6445,1.536,13.1805
19.7111,10,16.7916,2.176,18.9676
19.7212,18,9.04835,1.152,10.2003
19.859,8,10.8344,1.408,12.2424
19.9773,10,16.7916,2.176,18.9676
20.004,13,12.7364,1.664,14.4004
20.2068,10,16.7916,2.176,18.9676
20.2081,16,10.094,1.28,11.374
20.4435,8,12.7793,1.664,14.4433
20.6083,13,12.7364,1.664,14.4004
20.6427,8,13.7164,1.792,15.5084
20.7324,9,10.7219,1.408,12.1299
20.8791,10,17.7847,2.304,20.0887
20.9468,9,11.7979,1.536,13.3339
20.9971,6,15.0025,1.92,16.9225
21.0031,24,11.802,1.536,13.338
21.0146,8,13.7164,1.792,15.5084
21.0415,9,11.7979,1.536,13.3339
21.0496,19,8.99481,1.152,10.1468
21.1669,16,11.0157,1.408,12.4237
21.1708,5,12.4241,1.536,13.9601
21.2103,19,8.99481,1.152,10.1468
21.2177,8,14.7874,1.92,16.7074
21.4617,9,11.7979,1.536,13.3339
21.4901,6,15.0025,1.92,16.9225
21.5149,21,6.84635,0.896,7.74235
21.7862,8,14.7874,1.92,16.7074
21.8222,17,10.1049,1.28,11.3849
21.9985,15,12.2738,1.536,13.8098
22.0995,23,8.03618,1.024,9.06018
22.1478,16,13.0459,1.664,14.7099
22.2048,9,12.7325,1.664,14.3965
22.2995,24,13.7155,1.792,15.5075
22.3503,24,13.7155,1.792,15.5075
22.3585,16,13.0459,1.664,14.7099
22.4616,19,11.1471,1.408,12.5551
22.8723,20,12.8512,1.664,14.5152
23.0677,19,11.1471,1.408,12.5551
23.0864,18,10.0479,1.28,11.3279
23.2349,20,12.8512,1.664,14.5152
23.3616,6,16.0665,2.048,18.1145
23.4424,20,12.8512,1.664,14.5152
23.4953,8,15.8787,2.048,17.9267
23.6534,5,14.4403,1.792,16.2323
23.8078,11,14.7812,1.92,16.7012
23.8478,5,14.4403,1.792,16.2323
23.9039,13,13.7144,1.792,15.5064
23.9414,14,15.7953,2.048,17.8433
24.1297,10,18.7517,2.432,21.1837
24.5241,12,8.8302,1.152,9.9822
24.5833,20,13.8086,1.792,15.6006
24.6436,14,16.7479,2.176,18.9239
24.6947,8,16.9249,2.176,19.1009
24.7458,5,17.5079,2.176,19.6839
24.7753,19,12.0894,1.536,13.6254
24.7958,16,14.0426,1.792,15.8346
24.9688,5,17.5079,2.176,19.6839
24.9839,10,19.6538,2.56,22.2138
25.0725,5,17.5079,2.176,19.6839
25.2123,11,15.7425,2.048,17.7905
25.2861,7,22.0295,2.816,24.8455
25.3298,17,11.0111,1.408,12.4191
25.5594,21,7.78162,1.024,8.80562
25.7596,12,11.7278,1.536,13.2638
25.7727,7,22.0295,2.816,24.8455
25.8224,13,14.694,1.92,16.614
25.8848,12,11.7278,1.536,13.2638
25.9121,5,18.5489,2.304,20.8529
25.9574,12,11.7278,1.536,13.2638
25.959,24,15.8231,2.048,17.8711
26.153,10,20.7135,2.688,23.4015
26.2705,22,11.3694,1.408,12.7774
26.3753,17,12.0278,1.536,13.5638
26.5743,7,23.0397,2.944,25.9837
26.6482,24,15.8231,2.048,17.8711
27.0643,15,13.3212,1.664,14.9852
27.2192,6,17.0636,2.176,19.2396
27.342,18,12.1571,1.536,13.6931
27.3865,22,13.3766,1.664,15.0406
27.4512,11,17.7042,2.304,20.0082
27.5806,22,13.3766,1.664,15.0406
27.6623,7,25.0438,3.2,28.2438
27.6641,18,12.1571,1.536,13.6931
27.7536,7,25.0438,3.2,28.2438
27.7653,24,16.9071,2.176,19.0831
27.8577,15,14.3677,1.792,16.1597
27.9442,11,17.7042,2.304,20.0082
28.0034,16,15.9253,2.048,17.9733
28.0219,23,9.06709,1.152,10.2191
28.0435,9,13.7113,1.792,15.5033
28.0596,8,17.9534,2.304,20.2574
28.1575,21,8.70726,1.152,9.85926
28.3413,6,18.1142,2.304,20.4182
28.3424,10,21.7237,2.816,24.5397
28.5688,16,15.9253,2.048,17.9733
28.6097,7,26.1292,3.328,29.4572
28.6572,12,12.7374,1.664,14.4014
28.8325,15,16.4534,2.048,18.5014
28.8741,22,14.4301,1.792,16.2221
28.9564,9,15.8296,2.048,17.8776
28.9567,11,18.6233,2.432,21.0553
28.9709,15,16.4534,2.048,18.5014
29.0615,9,15.8296,2.048,17.8776
29.1091,17,12.9569,1.664,14.6209
29.3304,5,19.4885,2.432,21.9205
29.5338,18,13.0625,1.664,14.7265
29.6617,24,17.8972,2.304,20.2012
29.8591,11,19.6151,2.56,22.1751
29.9795,15,18.4598,2.304,20.7638
30.2322,9,16.9206,2.176,19.0966
30.4539,5,22.5456,2.816,25.3616
30.5528,15,18.4598,2.304,20.7638
30.6456,21,9.767,1.28,11.047
30.6506,20,14.8947,1.92,16.8147
30.7966,5,22.5456,2.816,25.3616
30.8279,5,22.5456,2.816,25.3616
31.5303,17,16.1945,2.048,18.2425
31.5327,6,19.1019,2.432,21.5339
31.7031,14,17.7973,2.304,20.1013
31.7382,15,19.3875,2.432,21.8195
31.7502,18,15.0805,1.92,17.0005
31.8347,11,22.6073,2.944,25.5513
31.9713,13,15.755,2.048,17.803
32.1175,17,16.1945,2.048,18.2425
32.1245,11,22.6073,2.944,25.5513
32.1304,18,16.0615,2.048,18.1095
32.1375,11,22.6073,2.944,25.5513
32.1436,5,23.6422,2.944,26.5862
32.1447,22,16.4035,2.048,18.4515
32.2103,17,16.1945,2.048,18.2425
32.2556,6,20.1043,2.56,22.6643
32.2904,21,10.8429,1.408,12.2509
32.3005,22,16.4035,2.048,18.4515
32.6417,15,20.4045,2.56,22.9645
32.6671,16,16.9511,2.176,19.1271
32.6682,18,17.0688,2.176,19.2448
32.8137,10,23.686,3.072,26.758
33.0036,8,19.8376,2.56,22.3976
33.1211,10,23.686,3.072,26.758
33.1456,7,27.0869,3.456,30.5429
33.1602,14,19.8798,2.56,22.4398
33.2497,6,22.1428,2.816,24.9588
33.2777,18,18.041,2.304,20.345
33.367,13,17.92,2.304,20.224
33.4591,14,20.9339,2.688,23.6219
33.5589,8,19.8376,2.56,22.3976
33.5794,13,18.9484,2.432,21.3804
33.6549,6,22.1428,2.816,24.9588
33.9025,7,28.0706,3.584,31.6546
33.9169,18,19.0341,2.432,21.4661
34.0126,20,15.8164,2.048,17.8644
34.0673,14,20.9339,2.688,23.6219
34.1121,13,18.9484,2.432,21.3804
34.1433,12,14.7415,1.92,16.6615
34.1835,18,19.0341,2.432,21.4661
34.2583,10,24.7009,3.2,27.9009
34.5375,9,17.9044,2.304,20.2084
34.5855,23,10.0399,1.28,11.3199
34.6611,8,20.8759,2.688,23.5639
34.7335,12,15.7289,2.048,17.7769
34.7479,6,23.1344,2.944,26.0784
34.7569,14,21.9214,2.816,24.7374
34.8104,19,13.0278,1.664,14.6918
34.8879,12,15.7289,2.048,17.7769
34.9097,22,19.4173,2.432,21.8493
35.0744,5,26.6115,3.328,29.9395
35.1633,21,11.7564,1.536,13.2924
35.1753,22,19.4173,2.432,21.8493
35.2312,5,26.6115,3.328,29.9395
35.2852,5,26.6115,3.328,29.9395
35.2868,18,19.9362,2.56,22.4962
35.481,22,19.4173,2.432,21.8493
35.5769,6,26.1913,3.328,29.5193
35.582,9,19.9061,2.56,22.4661
35.6054,16,18.0296,2.304,20.3336
35.6685,6,26.1913,3.328,29.5193
35.6788,14,23.758,3.072,26.83
35.7322,15,21.3861,2.688,24.0741
35.7552,20,16.7998,2.176,18.9758
35.7663,6,26.1913,3.328,29.5193
35.8405,9,19.9061,2.56,22.4661
35.9842,14,23.758,3.072,26.83
36.2442,21,12.711,1.664,14.375
36.2912,7,29.9196,3.84,33.7596
36.3456,7,29.9196,3.84,33.7596
36.712,16,19.0252,2.432,21.4572
36.851,18,20.8619,2.688,23.5499
36.8938,14,24.7713,3.2,27.9713
37.0102,10,26.8079,3.456,30.2639
37.1707,10,26.8079,3.456,30.2639
37.2096,22,22.4322,2.816,25.2482
37.2901,13,20.9252,2.688,23.6132
37.3254,22,22.4322,2.816,25.2482
37.3672,11,23.6203,3.072,26.6923
37.637,6,28.1216,3.584,31.7056
37.6936,16,20.1157,2.56,22.6757
37.7755,13,21.8355,2.816,24.6515
37.7923,22,24.4772,3.072,27.5492
37.9871,13,21.8355,2.816,24.6515
38.0166,21,13.7193,1.792,15.5113
38.0545,6,28.1216,3.584,31.7056
38.1122,23,11.0718,1.408,12.4798
38.141,10,28.9376,3.712,32.6496
38.2195,22,24.4772,3.072,27.5492
38.2242,10,28.9376,3.712,32.6496
38.2667,15,22.3271,2.816,25.1431
38.3128,22,24.4772,3.072,27.5492
38.5381,24,18.9841,2.432,21.4161
38.5478,11,24.6202,3.2,27.8202
38.5717,12,16.7341,2.176,18.9101
38.6422,18,22.7361,2.944,25.6801
39.081,18,22.7361,2.944,25.6801
39.1207,20,17.8119,2.304,20.1159
39.3871,16,21.1944,2.688,23.8824
39.403,7,30.8927,3.968,34.8607
39.6055,17,17.1726,2.176,19.3486
39.8214,22,27.4904,3.456,30.9464
39.8935,24,21.0059,2.688,23.6939
40.1839,7,31.9283,4.096,36.0243
40.2124,22,27.4904,3.456,30.9464
40.2293,22,27.4904,3.456,30.9464
40.3788,24,21.0059,2.688,23.6939
40.7812,16,22.1908,2.816,25.0068
40.7929,10,30.9236,3.968,34.8916
40.9898,10,30.9236,3.968,34.8916
41.1189,12,17.779,2.304,20.083
41.1384,9,21.8878,2.816,24.7038
41.2042,21,15.6824,2.048,17.7304
41.3193,21,15.6824,2.048,17.7304
41.3727,11,25.7007,3.328,29.0287
41.4189,9,21.8878,2.816,24.7038
41.4636,8,21.895,2.816,24.711
41.5733,18,24.7794,3.2,27.9794
41.619,5,27.5674,3.456,31.0234
41.7622,20,19.9258,2.56,22.4858
42.0125,18,24.7794,3.2,27.9794
42.0471,6,29.0649,3.712,32.7769
42.1249,17,19.233,2.432,21.665
42.1267,11,26.747,3.456,30.203
42.1373,19,14.956,1.92,16.876
42.3133,20,19.9258,2.56,22.4858
42.3423,8,22.9287,2.944,25.8727
42.3995,19,14.956,1.92,16.876
42.4227,17,19.233,2.432,21.665
42.5226,21,16.6356,2.176,18.8116
42.5836,5,28.6653,3.584,32.2493
42.5957,15,23.2305,2.944,26.1745
43.1109,17,20.2037,2.56,22.7637
43.1404,23,13.1067,1.664,14.7707
43.1744,18,25.8043,3.328,29.1323
43.3923,19,18.0363,2.304,20.3403
43.423,24,22.8805,2.944,25.8245
43.4619,22,28.5778,3.584,32.1618
43.5106,23,14.1376,1.792,15.9296
43.548,19,18.0363,2.304,20.3403
43.5671,24,22.8805,2.944,25.8245
43.632,6,30.0999,3.84,33.9399
43.6828,12,18.7705,2.432,21.2025
43.9415,23,14.1376,1.792,15.9296
43.9616,19,18.0363,2.304,20.3403
44.0129,18,26.847,3.456,30.303
44.081,10,31.8328,4.096,35.9288
44.1751,20,20.9004,2.688,23.5884
44.1792,17,22.1518,2.816,24.9678
44.5628,17,22.1518,2.816,24.9678
44.6306,19,18.9939,2.432,21.4259
44.6602,11,28.857,3.712,32.569
44.802,24,23.9693,3.072,27.0413
45.0743,14,25.7479,3.328,29.0759
45.1054,11,28.857,3.712,32.569
45.1762,10,32.9111,4.224,37.1351
45.3153,22,29.6744,3.712,33.3864
45.7821,16,24.0263,3.072,27.0983
45.8583,8,25.9919,3.328,29.3199
45.9016,9,22.8904,2.944,25.8344
45.975,6,32.0973,4.096,36.1933
46.0249,17,25.195,3.2,28.395
46.025,17,25.195,3.2,28.395
46.1418,19,21.9509,2.816,24.7669
46.1572,17,25.195,3.2,28.395
46.2275,19,21.9509,2.816,24.7669
46.2418,8,27.0713,3.456,30.5273
46.3377,16,24.0263,3.072,27.0983
46.3597,20,22.9978,2.944,25.9418
46.36,6,32.0973,4.096,36.1933
46.3764,8,27.0713,3.456,30.5273
46.5605,13,22.9258,2.944,25.8698
46.5768,20,22.9978,2.944,25.9418
46.6342,8,27.0713,3.456,30.5273
46.6949,19,21.9509,2.816,24.7669
46.7064,24,24.9597,3.2,28.1597
46.725,12,19.8514,2.56,22.4114
46.7374,15,24.1821,3.072,27.2541
46.9832,18,27.8129,3.584,31.3969
47.0519,14,26.8381,3.456,30.2941
47.0866,23,15.0547,1.92,16.9747
47.3398,6,33.1701,4.224,37.3941
47.4124,17,26.1154,3.328,29.4434
47.5803,9,23.812,3.072,26.884
47.8634,19,23.0496,2.944,25.9936
48.0599,24,28.0148,3.584,31.5988
48.0999,22,30.7243,3.84,34.5643
48.1179,24,28.0148,3.584,31.5988
48.1342,18,28.7774,3.712,32.4894
48.4279,17,27.0483,3.456,30.5043
48.4722,23,16.0372,2.048,18.0852
48.5174,12,20.8234,2.688,23.5114
48.5441,24,28.0148,3.584,31.5988
48.8191,13,24.0009,3.072,27.0729
48.9458,6,34.1169,4.352,38.4689
49.0562,7,34.0865,4.352,38.4385
49.1968,15,25.168,3.2,28.368
49.2755,7,34.0865,4.352,38.4385
49.3391,23,16.9607,2.176,19.1367
49.4207,12,21.7869,2.816,24.6029
49.525,22,31.7042,3.968,35.6722
49.7058,18,29.6977,3.84,33.5377
49.8078,24,28.9824,3.712,32.6944
49.815,21,17.5461,2.304,19.8501
50.0355,5,29.607,3.712,33.319
50.1847,12,23.7823,3.072,26.8543
50.2468,23,18.0303,2.304,20.3343
50.2863,22,32.6399,4.096,36.7359
50.5091,6,35.089,4.48,39.569
50.5202,12,23.7823,3.072,26.8543
50.528,11,29.7851,3.84,33.6251
50.5756,16,26.1631,3.328,29.4911
50.5843,8,28.0295,3.584,31.6135
50.7277,20,24.9889,3.2,28.1889
50.9708,24,30.9331,3.968,34.9011
51.0564,15,26.2668,3.328,29.5948
51.092,21,19.5889,2.56,22.1489
51.1788,20,24.9889,3.2,28.1889
51.2355,5,30.6042,3.84,34.4442
51.242,21,19.5889,2.56,22.1489
51.2437,9,24.7893,3.2,27.9893
51.2545,16,27.2375,3.456,30.6935
51.3359,8,29.1142,3.712,32.8262
51.5892,12,25.6399,3.328,28.9679
51.6278,16,28.1609,3.584,31.7449
51.6332,24,30.9331,3.968,34.9011
51.6408,12,25.6399,3.328,28.9679
51.75,22,33.7018,4.224,37.9258
52.0399,16,28.1609,3.584,31.7449
52.215,8,30.0939,3.84,33.9339
52.3127,14,27.9137,3.584,31.4977
52.3545,11,30.838,3.968,34.806
52.5449,12,26.6773,3.456,30.1333
52.5876,24,32.0077,4.096,36.1037
52.7696,16,29.2158,3.712,32.9278
52.8482,20,27.0971,3.456,30.5531
53.0873,11,31.8085,4.096,35.9045
53.099,20,27.0971,3.456,30.5531
53.4332,17,28.0857,3.584,31.6697
53.5364,21,20.6122,2.688,23.3002
53.6862,18,30.7251,3.968,34.6931
53.7295,16,30.2285,3.84,34.0685
53.84,23,19.0019,2.432,21.4339
53.8672,22,34.689,4.352,39.041
53.9129,11,32.7486,4.224,36.9726
54.3704,7,35.0486,4.48,39.5286
54.985,22,35.6399,4.48,40.1199
55.0062,11,34.7126,4.48,39.1926
55.0117,8,31.1016,3.968,35.0696
55.0119,9,25.8802,3.328,29.2082
55.1758,11,34.7126,4.48,39.1926
55.8334,19,24.0155,3.072,27.0875
55.8359,17,29.0232,3.712,32.7352
55.9382,23,21.0501,2.688,23.7381
55.9662,23,21.0501,2.688,23.7381
56.1266,6,37.0829,4.736,41.8189
56.2229,22,36.7082,4.608,41.3162
56.3001,9,29.0712,3.712,32.7832
56.3049,21,22.6564,2.944,25.6004
56.3084,10,33.9243,4.352,38.2763
56.3666,18,31.6644,4.096,35.7604
56.4917,7,36.0703,4.608,40.6783
56.5457,15,27.3256,3.456,30.7816
56.5807,9,29.0712,3.712,32.7832
56.592,19,25.0697,3.2,28.2697
56.6476,6,37.0829,4.736,41.8189
56.6488,9,29.0712,3.712,32.7832
56.7688,5,31.6475,3.968,35.6155
56.7963,21,24.5598,3.2,27.7598
56.8408,14,28.9105,3.712,32.6225
57.2251,24,34.1754,4.352,38.5274
57.2628,21,25.558,3.328,28.886
57.2763,21,25.558,3.328,28.886
57.4227,24,34.1754,4.352,38.5274
57.4258,11,35.7756,4.608,40.3836
57.5637,18,32.6847,4.224,36.9087
57.5947,21,25.558,3.328,28.886
57.6439,9,30.0461,3.84,33.8861
57.7693,13,25.08,3.2,28.28
57.7751,10,34.9535,4.48,39.4335
57.838,14,30.8134,3.968,34.7814
57.8495,8,32.1379,4.096,36.2339
58.0997,11,37.8477,4.864,42.7117
58.136,14,30.8134,3.968,34.7814
58.2288,24,35.205,4.48,39.685
58.6955,12,29.6934,3.84,33.5334
58.7142,11,37.8477,4.864,42.7117
58.7543,12,29.6934,3.84,33.5334
58.762,21,27.548,3.584,31.132
59.1367,21,27.548,3.584,31.132
59.2207,23,22.1281,2.816,24.9441
59.3028,9,32.0515,4.096,36.1475
59.3201,12,29.6934,3.84,33.5334
59.3301,17,30.057,3.84,33.897
59.3972,9,32.0515,4.096,36.1475
59.5719,16,33.3045,4.224,37.5285
59.6391,10,36.0077,4.608,40.6157
59.6945,15,28.2868,3.584,31.8708
59.754,16,33.3045,4.224,37.5285
59.9277,13,26.042,3.328,29.37
60.0625,20,27.9976,3.584,31.5816
60.1733,21,29.6184,3.84,33.4584
60.2235,16,34.3908,4.352,38.7428
60.3435,18,33.667,4.352,38.019
60.3638,24,36.1339,4.608,40.7419
60.4163,7,37.0963,4.736,41.8323
60.4265,15,29.2878,3.712,32.9998
60.6204,16,34.3908,4.352,38.7428
60.6403,17,32.1548,4.096,36.2508
60.7357,21,29.6184,3.84,33.4584
60.9949,23,24.0335,3.072,27.1055
61.2056,19,26.095,3.328,29.423
61.3243,17,32.1548,4.096,36.2508
61.344,12,30.6176,3.968,34.5856
61.369,23,24.0335,3.072,27.1055
61.3938,16,35.3808,4.48,39.8608
61.8667,9,33.1257,4.224,37.3497
62.098,18,34.712,4.48,39.192
62.1392,5,32.6789,4.096,36.7749
62.2863,8,33.1837,4.224,37.4077
62.3645,15,31.2843,3.968,35.2523
62.5589,13,27.9609,3.584,31.5449
62.6205,16,36.4758,4.608,41.0838
62.7221,15,32.2994,4.096,36.3954
62.8933,20,28.9776,3.712,32.6896
62.962,23,24.9728,3.2,28.1728
63.0676,14,31.8626,4.096,35.9586
63.0786,13,27.9609,3.584,31.5449
63.1272,11,39.8948,5.12,45.0148
63.1431,9,34.2073,4.352,38.5593
63.231,15,32.2994,4.096,36.3954
63.2412,22,37.6685,4.736,42.4045
63.5534,11,39.8948,5.12,45.0148
63.6783,8,34.2636,4.352,38.6156
63.6843,5,33.7388,4.224,37.9628
63.6907,7,38.039,4.864,42.903
63.8139,16,37.3914,4.736,42.1274
63.8716,14,32.7774,4.224,37.0014
64.0528,10,37.0249,4.736,41.7609
64.0618,22,38.5905,4.864,43.4545
64.2315,18,35.7406,4.608,40.3486
64.2551,9,36.1146,4.608,40.7226
64.3609,6,38.0365,4.864,42.9005
64.3845,17,34.1842,4.352,38.5362
64.5387,17,34.1842,4.352,38.5362
64.6735,14,33.702,4.352,38.054
64.7158,9,36.1146,4.608,40.7226
64.8815,16,38.442,4.864,43.306
64.8991,24,37.2224,4.736,41.9584
64.964,8,35.1711,4.48,39.6511
65.2481,6,39.9646,5.12,45.0846
65.297,14,34.6072,4.48,39.0872
65.3258,18,36.8327,4.736,41.5687
65.4204,20,30.0462,3.84,33.8862
65.4727,19,27.0059,3.456,30.4619
65.5681,16,40.3695,5.12,45.4895
65.5716,21,30.5416,3.968,34.5096
65.6772,24,39.3119,4.992,44.3039
65.6872,8,37.128,4.736,41.864
65.7264,6,39.9646,5.12,45.0846
65.7363,17,35.2214,4.48,39.7014
65.74,16,40.3695,5.12,45.4895
65.7811,5,34.7891,4.352,39.1411
65.9056,8,37.128,4.736,41.864
66.0346,11,41.9729,5.376,47.3489
66.0443,13,28.9682,3.712,32.6802
66.0903,24,39.3119,4.992,44.3039
66.2227,14,35.5785,4.608,40.1865
66.2359,22,39.4918,4.992,44.4838
66.4898,11,42.8765,5.504,48.3805
66.6853,18,37.8505,4.864,42.7145
66.7099,16,41.3097,5.248,46.5577
66.8003,11,42.8765,5.504,48.3805
66.8018,10,37.9733,4.864,42.8373
66.8156,17,36.1933,4.608,40.8013
66.861,8,38.0778,4.864,42.9418
67.1576,6,40.9787,5.248,46.2267
67.3675,22,40.5755,5.12,45.6955
67.4785,19,31.0187,3.968,34.9867
67.4791,13,30.026,3.84,33.866
67.6522,19,31.0187,3.968,34.9867
67.854,19,31.0187,3.968,34.9867
67.8542,14,37.6168,4.864,42.4808
68.0023,9,37.041,4.736,41.777
68.1383,19,31.0187,3.968,34.9867
68.1855,14,37.6168,4.864,42.4808
68.2392,10,39.9178,5.12,45.0378
68.2401,22,43.4254,5.504,48.9294
68.3421,22,43.4254,5.504,48.9294
68.3577,22,43.4254,5.504,48.9294
68.4589,10,40.9208,5.248,46.1688
68.5299,12,32.7701,4.224,36.9941
68.599,13,31.0846,3.968,35.0526
68.6669,12,33.7173,4.352,38.0693
68.7282,5,36.9265,4.608,41.5345
68.7395,17,37.2584,4.736,41.9944
68.7725,16,42.3441,5.376,47.7201
68.8396,23,26.896,3.456,30.352
68.8614,19,33.0014,4.224,37.2254
68.9476,24,40.2697,5.12,45.3897
68.9734,10,40.9208,5.248,46.1688
69.0075,23,26.896,3.456,30.352
69.0347,19,33.0014,4.224,37.2254
69.0739,15,33.3671,4.224,37.5911
69.1205,8,39.0239,4.992,44.0159
69.2073,5,37.9343,4.736,42.6703
69.2975,12,34.6594,4.48,39.1394
69.4216,5,37.9343,4.736,42.6703
69.4401,12,34.6594,4.48,39.1394
69.9175,20,31.0743,3.968,35.0423
70.0468,11,44.9292,5.76,50.6892
70.1027,17,38.3506,4.864,43.2146
70.1823,24,41.3502,5.248,46.5982
70.3169,22,45.3621,5.76,51.1221
70.4127,11,44.9292,5.76,50.6892
70.4344,12,35.6617,4.608,40.2697
70.6224,6,41.8841,5.376,47.2601
70.6705,22,45.3621,5.76,51.1221
70.7098,21,32.5495,4.224,36.7735
70.8654,16,44.1874,5.632,49.8194
70.9048,21,32.5495,4.224,36.7735
71.4747,16,44.1874,5.632,49.8194
71.7482,20,32.0428,4.096,36.1388
71.8059,22,46.3825,5.888,52.2705
72.0376,5,38.8885,4.864,43.7525
72.1535,13,32.0577,4.096,36.1537
72.7263,15,34.3958,4.352,38.7478
72.7331,19,34.0509,4.352,38.4029
72.8368,12,36.7606,4.736,41.4966
73.0222,8,40.0846,5.12,45.2046
73.0662,13,34.1021,4.352,38.4541
73.0769,14,39.7381,5.12,44.8581
73.1351,14,39.7381,5.12,44.8581
73.2744,9,38.0477,4.864,42.9117
73.3677,16,46.1653,5.888,52.0533
73.6217,13,34.1021,4.352,38.4541
73.8886,16,46.1653,5.888,52.0533
74.0767,5,39.9286,4.992,44.9206
74.1694,18,38.7944,4.992,43.7864
74.4882,24,42.2591,5.376,47.6351
74.5125,13,35.0931,4.48,39.5731
74.5328,14,41.7911,5.376,47.1671
74.6386,14,41.7911,5.376,47.1671
74.7327,23,27.799,3.584,31.383
74.7939,11,45.9426,5.888,51.8306
75.0267,15,35.3292,4.48,39.8092
75.105,10,41.8911,5.376,47.2671
75.1405,18,39.8321,5.12,44.9521
75.2202,13,36.1183,4.608,40.7263
75.2334,20,33.9236,4.352,38.2756
75.3569,20,33.9236,4.352,38.2756
75.4912,14,43.6423,5.632,49.2743
75.7264,23,29.8974,3.84,33.7374
75.7632,14,43.6423,5.632,49.2743
75.7917,15,36.3491,4.608,40.9571
75.7986,21,33.5546,4.352,37.9066
76.153,24,43.2575,5.504,48.7615
76.2341,23,29.8974,3.84,33.7374
76.2496,13,37.0996,4.736,41.8356
76.2817,7,38.9584,4.992,43.9504
76.4554,6,43.832,5.632,49.464
76.5352,14,44.5757,5.76,50.3357
76.5742,6,43.832,5.632,49.464
76.8648,12,37.7715,4.864,42.6355
77.0046,22,47.442,6.016,53.458
77.2401,16,47.1808,6.016,53.1968
77.4581,19,35.0163,4.48,39.4963
77.7042,20,35.9145,4.608,40.5225
77.8597,12,38.7296,4.992,43.7216
77.9056,8,41,5.248,46.248
77.9505,20,35.9145,4.608,40.5225
77.98,5,40.845,5.12,45.965
78.2235,11,46.8837,6.016,52.8997
78.321,19,36.0751,4.608,40.6831
78.3397,22,48.3645,6.144,54.5085
78.6152,13,38.0235,4.864,42.8875
78.7063,7,39.9589,5.12,45.0789
78.8377,12,41.654,5.376,47.03
78.9618,23,30.8083,3.968,34.7763
79.0938,12,41.654,5.376,47.03
79.1186,24,44.1588,5.632,49.7908
79.1754,16,48.1271,6.144,54.2711
79.2615,21,34.6513,4.48,39.1313
79.2656,18,40.7419,5.248,45.9899
79.3918,12,41.654,5.376,47.03
79.3994,17,39.2617,4.992,44.2537
79.4644,15,37.2696,4.736,42.0056
79.9048,19,37.0918,4.736,41.8278
80.1243,24,45.2433,5.76,51.0033
80.1518,12,42.6776,5.504,48.1816
80.2017,22,50.3495,6.4,56.7495
80.2039,22,50.3495,6.4,56.7495
80.2204,8,41.9448,5.376,47.3208
80.3555,18,41.7681,5.376,47.1441
80.5251,20,37.8308,4.864,42.6948
80.6696,7,41.0435,5.248,46.2915
80.7484,20,37.8308,4.864,42.6948
80.7778,21,35.6723,4.608,40.2803
80.7838,6,44.8892,5.76,50.6492
80.8118,23,31.7446,4.096,35.8406
80.9899,17,40.3208,5.12,45.4408
81.3146,18,42.7572,5.504,48.2612
81.4959,14,46.4036,6.016,52.4196
81.5275,12,43.7579,5.632,49.3899
81.6803,15,39.3561,4.992,44.3481
81.6908,13,38.9984,4.992,43.9904
81.7202,16,49.099,6.272,55.371
81.8718,14,46.4036,6.016,52.4196
81.8838,23,33.8005,4.352,38.1525
81.8949,8,42.9654,5.504,48.4694
81.9225,21,36.6958,4.736,41.4318
82.1295,7,42.0358,5.376,47.4118
82.1849,12,45.6662,5.888,51.5542
82.1992,11,47.8504,6.144,53.9944
82.2708,18,43.7718,5.632,49.4038
82.3265,15,39.3561,4.992,44.3481
82.3721,23,33.8005,4.352,38.1525
82.435,6,46.7655,6.016,52.7815
82.5146,13,40.0017,5.12,45.1217
82.6548,9,39.0969,4.992,44.0889
82.6788,21,38.6652,4.992,43.6572
82.7039,21,38.6652,4.992,43.6572
82.7404,19,38.187,4.864,43.051
82.7714,12,45.6662,5.888,51.5542
82.933,6,46.7655,6.016,52.7815
83.1081,5,41.7602,5.248,47.0082
83.152,17,41.2668,5.248,46.5148
83.2392,10,42.9097,5.504,48.4137
83.2875,24,46.2023,5.888,52.0903
83.6226,22,52.2809,6.656,58.9369
83.7094,23,34.7973,4.48,39.2773
83.8664,14,47.4974,6.144,53.6414
83.9097,8,44.0601,5.632,49.6921
84.1764,22,52.2809,6.656,58.9369
84.2914,6,47.8192,6.144,53.9632
84.3147,13,40.9599,5.248,46.2079
84.4073,21,39.6287,5.12,44.7487
84.7445,24,47.2086,6.016,53.2246
84.8298,17,43.3685,5.504,48.8725
85.023,7,43.1054,5.504,48.6094
85.092,16,50.1648,6.4,56.5648
85.1509,6,48.7395,6.272,55.0115
85.1623,23,35.7941,4.608,40.4021
85.1773,13,43.0122,5.504,48.5162
85.2886,17,43.3685,5.504,48.8725
85.4068,5,42.7467,5.376,48.1227
85.7149,10,44.9834,5.76,50.7434
85.7568,15,40.3004,5.12,45.4204
85.826,13,43.0122,5.504,48.5162
85.854,10,44.9834,5.76,50.7434
85.97,6,49.7704,6.4,56.1704
86.1485,14,48.515,6.272,54.787
86.3583,20,39.7928,5.12,44.9128
86.5817,20,39.7928,5.12,44.9128
86.6646,15,41.2909,5.248,46.5389
86.9245,10,47.0178,6.016,53.0338
86.9907,7,44.1867,5.632,49.8187
87.0332,23,36.7233,4.736,41.4593
87.1366,12,46.6037,6.016,52.6197
87.1656,6,51.7149,6.656,58.3709
87.4226,14,49.4819,6.4,55.8819
87.4721,10,47.0178,6.016,53.0338
87.4815,6,51.7149,6.656,58.3709
87.5006,9,40.1415,5.12,45.2615
87.5682,15,42.2244,5.376,47.6004
87.8902,17,44.2955,5.632,49.9275
87.9144,21,40.5935,5.248,45.8415
87.9203,22,53.2624,6.784,60.0464
88.0535,8,45.1084,5.76,50.8684
88.1761,5,44.8929,5.632,50.5249
88.1836,20,40.7016,5.248,45.9496
88.3131,5,44.8929,5.632,50.5249
88.8309,8,46.0728,5.888,51.9608
88.8755,21,41.5052,5.376,46.8812
88.9134,19,39.1256,4.992,44.1176
88.937,15,43.2469,5.504,48.7509
89.0574,22,55.1267,7.04,62.1667
89.1505,14,50.5219,6.528,57.0499
89.2131,6,52.8025,6.784,59.5865
89.2517,5,46.9387,5.888,52.8267
89.2807,5,46.9387,5.888,52.8267
89.3245,22,55.1267,7.04,62.1667
89.3976,16,51.0843,6.528,57.6123
89.4158,7,45.1319,5.76,50.8919
89.8411,24,50.2081,6.4,56.6081
89.8426,24,50.2081,6.4,56.6081
90.1686,24,50.2081,6.4,56.6081
90.1755,9,41.2352,5.248,46.4832
90.249,5,48.9084,6.144,55.0524
90.2505,20,41.6428,5.376,47.0188
90.2552,11,48.8516,6.272,55.1236
90.3804,19,41.1669,5.248,46.4149
90.6026,5,48.9084,6.144,55.0524
90.6934,22,56.0468,7.168,63.2148
90.7114,8,47.0161,6.016,53.0321
90.7846,14,51.5102,6.656,58.1662
90.8537,19,41.1669,5.248,46.4149
90.9052,12,47.5131,6.144,53.6571
91.2418,17,45.3025,5.76,51.0625
91.3961,7,47.0977,6.016,53.1137
91.5777,13,44.0972,5.632,49.7292
91.6153,5,49.8456,6.272,56.1176
91.8156,7,47.0977,6.016,53.1137
91.9159,12,48.4543,6.272,54.7263
91.9287,21,42.5615,5.504,48.0655
92.0208,20,44.6656,5.76,50.4256
92.0532,22,57.0183,7.296,64.3143
92.1259,8,47.9389,6.144,54.0829
92.3652,20,45.7508,5.888,51.6388
92.4669,15,44.1706,5.632,49.8026
92.665,20,45.7508,5.888,51.6388
92.9444,20,45.7508,5.888,51.6388
92.9767,6,54.9295,7.04,61.9695
93.2851,12,49.5522,6.4,55.9522
93.4172,21,44.5586,5.76,50.3186
93.4439,13,45.1342,5.76,50.8942
93.473,6,55.9535,7.168,63.1215
93.6378,17,46.2963,5.888,52.1843
93.8026,21,44.5586,5.76,50.3186
93.8179,23,37.6785,4.864,42.5425
93.8512,9,43.2098,5.504,48.7138
93.9248,6,55.9535,7.168,63.1215
94.1058,9,43.2098,5.504,48.7138
94.1302,11,49.8731,6.4,56.2731
94.1765,22,60.0503,7.68,67.7303
94.2852,20,46.8505,6.016,52.8665
94.2876,8,48.9821,6.272,55.2541
94.3193,7,48.0041,6.144,54.1481
94.5108,21,45.4616,5.888,51.3496
94.5114,22,60.0503,7.68,67.7303
94.5144,15,46.2061,5.888,52.0941
94.6001,15,46.2061,5.888,52.0941
94.7951,12,50.6219,6.528,57.1499
94.8533,22,60.0503,7.68,67.7303
94.9318,18,44.782,5.76,50.542
95.0224,23,38.6576,4.992,43.6496
95.0381,24,51.2315,6.528,57.7595
95.0468,9,45.1425,5.76,50.9025
95.0958,7,48.9801,6.272,55.2521
95.3741,5,50.7461,6.4,57.1461
95.4006,13,46.1788,5.888,52.0668
95.4078,16,53.0688,6.784,59.8528
95.4193,16,53.0688,6.784,59.8528
95.4752,9,45.1425,5.76,50.9025
95.4893,11,50.9564,6.528,57.4844
95.7904,6,56.9277,7.296,64.2237
95.89,23,39.6938,5.12,44.8138
95.8995,20,47.8217,6.144,53.9657
95.9948,12,51.6086,6.656,58.2646
96.1663,9,46.1778,5.888,52.0658
96.188,19,42.1969,5.376,47.5729
96.3283,16,54.0547,6.912,60.9667
96.3589,14,52.4763,6.784,59.2603
96.3699,8,49.9751,6.4,56.3751
96.5091,5,51.8244,6.528,58.3524
96.5498,11,52.0176,6.656,58.6736
96.8748,10,48.1061,6.144,54.2501
96.9091,17,47.1999,6.016,53.2159
96.9944,9,48.2153,6.144,54.3593
97.027,7,52.0875,6.656,58.7435
97.0368,7,52.0875,6.656,58.7435
97.2772,13,47.1713,6.016,53.1873
97.2991,18,45.7715,5.888,51.6595
97.3085,7,52.0875,6.656,58.7435
97.4348,9,48.2153,6.144,54.3593
97.484,15,47.3026,6.016,53.3186
97.547,19,43.1522,5.504,48.6562
98.2181,23,40.7134,5.248,45.9614
98.2427,14,55.5896,7.168,62.7576
98.3069,6,57.8705,7.424,65.2945
98.3258,8,50.9639,6.528,57.4919
98.3448,14,55.5896,7.168,62.7576
98.4622,16,57.0056,7.296,64.3016
98.5731,15,48.3469,6.144,54.4909
98.6827,14,55.5896,7.168,62.7576
98.6853,22,62.0682,7.936,70.0042
98.8427,5,52.7541,6.656,59.4101
98.8613,16,57.0056,7.296,64.3016
99.1256,16,57.0056,7.296,64.3016
99.268,20,48.82,6.272,55.092
99.2859,22,62.0682,7.936,70.0042
99.3043,21,46.3999,6.016,52.4159
99.382,6,58.9002,7.552,66.4522
99.4638,12,52.5179,6.784,59.3019
99.5002,17,48.2696,6.144,54.4136
99.5314,7,53.0556,6.784,59.8396
99.74,18,47.7959,6.144,53.9399
99.8141,24,53.1628,6.784,59.9468
99.8943,24,53.1628,6.784,59.9468
100.235,18,47.7959,6.144,53.9399
100.464,11,53.0649,6.784,59.8489
100.559,22,63.0767,8.064,71.1407
100.836,15,50.5102,6.4,56.9102
100.842,20,49.8141,6.4,56.2141
100.895,10,49.0609,6.272,55.3329
100.905,23,41.6432,5.376,47.0192
100.919,24,55.0713,7.04,62.1113
100.961,24,55.0713,7.04,62.1113
100.997,16,59.061,7.552,66.613
101.071,9,49.1424,6.272,55.4144
101.343,14,56.5358,7.296,63.8318
101.375,16,59.061,7.552,66.613
101.502,19,44.1034,5.632,49.7354
101.551,15,50.5102,6.4,56.9102
101.862,7,55.0264,7.04,62.0664
101.999,8,51.9139,6.656,58.5699
102.102,16,61.024,7.808,68.832
102.182,7,55.0264,7.04,62.0664
102.43,19,45.9688,5.888,51.8568
102.446,16,61.024,7.808,68.832
102.547,15,51.52,6.528,58.048
102.618,24,56.0004,7.168,63.1684
102.685,20,51.7977,6.656,58.4537
102.728,23,42.5686,5.504,48.0726
102.756,14,57.502,7.424,64.926
102.815,10,50.0398,6.4,56.4398
102.841,6,59.8918,7.68,67.5718
102.894,9,50.1413,6.4,56.5413
102.989,11,54.0469,6.912,60.9589
102.996,17,49.1887,6.272,55.4607
102.996,19,46.9104,6.016,52.9264
103.066,20,51.7977,6.656,58.4537
103.081,21,49.2387,6.4,55.6387
103.156,21,49.2387,6.4,55.6387
103.391,7,55.9867,7.168,63.1547
103.396,21,49.2387,6.4,55.6387
103.502,5,53.6608,6.784,60.4448
103.542,19,47.9832,6.144,54.1272
103.56,18,49.7348,6.4,56.1348
103.658,18,49.7348,6.4,56.1348
103.874,6,61.89,7.936,69.826
103.989,11,54.9604,7.04,62.0004
104.074,19,47.9832,6.144,54.1272
104.22,6,61.89,7.936,69.826
104.265,12,53.4588,6.912,60.3708
104.269,15,52.5754,6.656,59.2314
104.361,9,52.1683,6.656,58.8243
104.49,20,52.8136,6.784,59.5976
104.656,23,44.4222,5.76,50.1822
104.685,13,48.1965,6.144,54.3405
104.721,23,44.4222,5.76,50.1822
104.845,9,52.1683,6.656,58.8243
105.074,16,63.2037,8.064,71.2677
105.148,15,53.6587,6.784,60.4427
105.363,14,58.5002,7.552,66.0522
105.385,18,50.7815,6.528,57.3095
105.421,24,56.9127,7.296,64.2087
105.507,8,53.0008,6.784,59.7848
105.605,20,53.8061,6.912,60.7181
105.675,13,49.1718,6.272,55.4438
105.679,16,63.2037,8.064,71.2677
105.935,22,64.1103,8.192,72.3023
105.955,17,50.2106,6.4,56.6106
106.016,10,50.967,6.528,57.495
106.201,24,57.9507,7.424,65.3747
106.787,19,48.9688,6.272,55.2408
106.888,12,54.4217,7.04,61.4617
106.899,7,56.9389,7.296,64.2349
107.018,22,65.1734,8.32,73.4934
107.189,10,51.9371,6.656,58.5931
107.348,8,53.9667,6.912,60.8787
107.441,17,51.1802,6.528,57.7082
107.539,20,54.8842,7.04,61.9242
107.859,11,55.8944,7.168,63.0624
107.933,24,58.9487,7.552,66.5007
108.212,7,58.0025,7.424,65.4265
108.28,15,54.5706,6.912,61.4826
108.289,19,49.9007,6.4,56.3007
108.365,16,64.2511,8.192,72.4431
108.463,6,62.8171,8.064,70.8811
108.557,11,56.8257,7.296,64.1217
108.762,8,54.8991,7.04,61.9391
109.001,20,55.9164,7.168,63.0844
109.164,7,59.9495,7.68,67.6295
109.251,6,63.7903,8.192,71.9823
109.293,11,57.8435,7.424,65.2675
109.297,16,65.1822,8.32,73.5022
109.447,23,46.4371,6.016,52.4531
109.511,7,59.9495,7.68,67.6295
109.526,23,46.4371,6.016,52.4531
109.663,10,54.8315,7.04,61.8715
109.73,22,66.1628,8.448,74.6108
109.739,10,54.8315,7.04,61.8715
109.818,17,52.1876,6.656,58.8436
109.914,13,51.2092,6.528,57.7372
109.937,21,50.237,6.528,56.765
109.998,14,59.4486,7.68,67.1286
110.105,10,54.8315,7.04,61.8715
110.246,15,56.5054,7.168,63.6734
110.378,13,51.2092,6.528,57.7372
110.737,15,56.5054,7.168,63.6734
110.75,24,61.7696,7.936,69.7056
110.881,24,61.7696,7.936,69.7056
110.886,5,55.7005,7.04,62.7405
110.95,5,55.7005,7.04,62.7405
111.018,18,52.7968,6.784,59.5808
111.311,18,53.8562,6.912,60.7682
111.329,13,52.1277,6.656,58.7837
111.335,20,56.8193,7.296,64.1153
111.342,16,66.2043,8.448,74.6523
111.368,24,61.7696,7.936,69.7056
111.652,21,51.1533,6.656,57.8093
111.811,10,55.8439,7.168,63.0119
111.852,22,69.2738,8.832,78.1058
111.871,18,53.8562,6.912,60.7682
111.944,22,69.2738,8.832,78.1058
112.013,22,69.2738,8.832,78.1058
112.055,15,57.424,7.296,64.72
112.08,9,53.2078,6.784,59.9918
112.529,17,55.2579,7.04,62.2979
112.552,19,50.8021,6.528,57.3301
112.702,8,55.9822,7.168,63.1502
112.745,17,56.354,7.168,63.522
112.839,20,57.7768,7.424,65.2008
112.976,18,56.0054,7.168,63.1734
113.063,21,52.1552,6.784,58.9392
113.174,17,56.354,7.168,63.522
113.38,18,56.0054,7.168,63.1734
113.387,12,55.4097,7.168,62.5777
113.398,17,56.354,7.168,63.522
113.421,5,57.683,7.296,64.979
113.481,5,57.683,7.296,64.979
113.507,13,53.117,6.784,59.901
113.53,20,59.8129,7.68,67.4929
113.545,8,57.8759,7.424,65.2999
113.598,8,57.8759,7.424,65.2999
113.629,15,58.4346,7.424,65.8586
113.719,20,59.8129,7.68,67.4929
113.772,10,56.7942,7.296,64.0902
113.783,6,64.8083,8.32,73.1283
113.983,22,71.2049,9.088,80.2929
114.037,11,58.762,7.552,66.314
114.074,22,71.2049,9.088,80.2929
114.482,12,56.4203,7.296,63.7163
114.576,18,56.9814,7.296,64.2774
114.635,15,60.4969,7.68,68.1769
114.682,17,57.4151,7.296,64.7111
114.752,15,60.4969,7.68,68.1769
114.805,11,59.7599,7.68,67.4399
115.309,12,58.4081,7.552,65.9601
115.317,5,58.734,7.424,66.158
115.363,23,48.5073,6.272,54.7793
115.397,8,58.8561,7.552,66.4081
115.676,22,73.1635,9.344,82.5075
115.785,12,58.4081,7.552,65.9601
115.826,16,67.2582,8.576,75.8342
115.956,23,48.5073,6.272,54.7793
115.96,9,54.2548,6.912,61.1668
116.011,21,53.2045,6.912,60.1165
116.181,10,58.7095,7.552,66.2615
116.254,22,73.1635,9.344,82.5075
116.313,15,61.4643,7.808,69.2723
116.316,17,59.3869,7.552,66.9389
116.58,5,59.6731,7.552,67.2251
116.707,10,58.7095,7.552,66.2615
116.711,19,51.8431,6.656,58.4991
116.819,23,49.5545,6.4,55.9545
116.857,9,55.2846,7.04,62.3246
116.864,17,59.3869,7.552,66.9389
117.044,21,54.1543,7.04,61.1943
117.082,16,69.3068,8.832,78.1388
117.099,12,60.2741,7.808,68.0821
117.154,20,61.881,7.936,69.817
117.179,16,69.3068,8.832,78.1388
117.318,12,60.2741,7.808,68.0821
117.382,24,65.709,8.448,74.157
117.43,7,61.0242,7.808,68.8322
117.433,19,52.9116,6.784,59.6956
117.559,9,56.2147,7.168,63.3827
117.666,20,62.7852,8.064,70.8492
117.72,23,50.6334,6.528,57.1614
117.737,10,59.7468,7.68,67.4268
117.83,24,65.709,8.448,74.157
117.89,5,60.6205,7.68,68.3005
117.898,6,67.8667,8.704,76.5707
117.93,6,67.8667,8.704,76.5707
117.947,24,65.709,8.448,74.157
118.054,24,65.709,8.448,74.157
118.167,20,62.7852,8.064,70.8492
118.189,21,56.297,7.296,63.593
118.254,16,70.2686,8.96,79.2286
118.32,11,60.7776,7.808,68.5856
118.328,15,62.4307,7.936,70.3667
118.347,22,74.169,9.472,83.641
118.518,6,67.8667,8.704,76.5707
118.657,21,56.297,7.296,63.593
118.677,8,59.9475,7.68,67.6275
118.71,10,60.6639,7.808,68.4719
118.725,12,62.3185,8.064,70.3825
118.899,14,60.5081,7.808,68.3161
118.999,16,71.2301,9.088,80.3181
119.014,5,61.7202,7.808,69.5282
119.074,12,62.3185,8.064,70.3825
119.525,9,57.1658,7.296,64.4618
119.573,18,57.8963,7.424,65.3203
119.61,8,61.9274,7.936,69.8634
119.649,14,61.524,7.936,69.46
119.871,7,63.1219,8.064,71.1859
119.909,8,61.9274,7.936,69.8634
119.934,17,61.4321,7.808,69.2401
119.976,10,61.6304,7.936,69.5664
120.157,21,58.1927,7.552,65.7447
120.235,20,64.8075,8.32,73.1275
120.253,21,58.1927,7.552,65.7447
120.265,20,65.7101,8.448,74.1581
120.315,24,66.6776,8.576,75.2536
120.321,7,63.1219,8.064,71.1859
120.39,11,62.8922,8.064,70.9562
120.414,11,62.8922,8.064,70.9562
120.504,17,61.4321,7.808,69.2401
120.7,14,63.5302,8.192,71.7222
120.858,20,65.7101,8.448,74.1581
120.91,14,63.5302,8.192,71.7222
121.117,23,51.6484,6.656,58.3044
121.155,22,75.1512,9.6,84.7512
121.194,15,63.356,8.064,71.42
121.268,24,67.625,8.704,76.329
121.457,7,64.0394,8.192,72.2314
121.834,8,62.8543,8.064,70.9183
121.942,5,62.7276,7.936,70.6636
121.985,20,66.6601,8.576,75.2361
122.111,18,58.8337,7.552,66.3857
122.167,6,69.8106,8.96,78.7706
122.211,24,68.5329,8.832,77.3649
122.252,11,63.9067,8.192,72.0987
122.376,6,69.8106,8.96,78.7706
122.556,23,52.682,6.784,59.466
122.76,21,59.1472,7.68,66.8272
123.093,24,69.5214,8.96,78.4814
123.154,6,70.7423,9.088,79.8303
123.395,23,53.7794,6.912,60.6914
123.894,5,63.7359,8.064,71.7999
123.98,16,72.3279,9.216,81.5439
124.103,21,60.1882,7.808,67.9962
124.11,11,64.9305,8.32,73.2505
124.274,20,67.635,8.704,76.339
124.557,6,71.7962,9.216,81.0122
124.589,22,77.0943,9.856,86.9503
124.863,22,77.0943,9.856,86.9503
125.009,13,54.0361,6.912,60.9481
125.184,15,64.4228,8.192,72.6148
125.3,6,72.761,9.344,82.105
125.318,24,71.5342,9.216,80.7502
125.366,5,64.7417,8.192,72.9337
125.423,20,68.6061,8.832,77.4381
125.633,19,53.9651,6.912,60.8771
125.768,9,58.1822,7.424,65.6062
125.843,24,71.5342,9.216,80.7502
126.013,13,55.0224,7.04,62.0624
126.33,11,65.9129,8.448,74.3609
126.54,17,62.3846,7.936,70.3206
126.553,16,73.4048,9.344,82.7488
126.636,9,61.1716,7.808,68.9796
126.745,9,61.1716,7.808,68.9796
127.175,22,79.0771,10.112,89.1891
127.223,17,65.2802,8.32,73.6002
127.246,20,69.5634,8.96,78.5234
127.258,9,61.1716,7.808,68.9796
127.267,18,59.9217,7.68,67.6017
127.296,24,72.4598,9.344,81.8038
127.302,11,66.8337,8.576,75.4097
127.42,21,62.1515,8.064,70.2155
127.452,22,79.0771,10.112,89.1891
127.467,16,75.2475,9.6,84.8475
127.472,12,64.3396,8.32,72.6596
127.523,21,62.1515,8.064,70.2155
127.684,17,65.2802,8.32,73.6002
127.7,17,65.2802,8.32,73.6002
127.868,12,64.3396,8.32,72.6596
127.871,16,75.2475,9.6,84.8475
127.878,8,65.0363,8.32,73.3563
127.992,5,65.8187,8.32,74.1387
128.021,11,67.8434,8.704,76.5474
128.21,8,65.0363,8.32,73.3563
128.544,14,66.6695,8.576,75.2455
128.624,7,65.1059,8.32,73.4259
128.629,23,54.6931,7.04,61.7331
128.79,14,66.6695,8.576,75.2455
128.849,5,66.7638,8.448,75.2118
128.86,16,77.2093,9.856,87.0653
128.863,14,66.6695,8.576,75.2455
128.936,6,73.8381,9.472,83.3101
128.955,10,63.727,8.192,71.919
128.988,16,77.2093,9.856,87.0653
129.209,24,73.4809,9.472,82.9529
129.377,7,67.1871,8.576,75.7631
129.478,12,65.3063,8.448,73.7543
129.486,23,55.6252,7.168,62.7932
129.594,10,64.6996,8.32,73.0196
129.651,8,65.9722,8.448,74.4202
129.837,11,69.9534,8.96,78.9134
129.983,10,64.6996,8.32,73.0196
129.983,7,67.1871,8.576,75.7631
130.036,21,63.0829,8.192,71.2749
130.075,11,69.9534,8.96,78.9134
130.497,20,71.5525,9.216,80.7685
130.762,20,71.5525,9.216,80.7685
130.886,14,67.7266,8.704,76.4306
131.053,22,81.1276,10.368,91.4956
131.18,22,81.1276,10.368,91.4956
131.597,6,75.8482,9.728,85.5762
131.805,6,75.8482,9.728,85.5762
131.9,18,60.9907,7.808,68.7987
132.014,9,62.2157,7.936,70.1517
132.037,15,65.4425,8.32,73.7625
132.052,13,55.9985,7.168,63.1665
132.353,22,82.1332,10.496,92.6292
132.397,24,75.5579,9.728,85.2859
132.444,12,67.4213,8.704,76.1253
132.457,24,75.5579,9.728,85.2859
132.546,19,54.9884,7.04,62.0284
132.586,5,67.733,8.576,76.309
132.695,12,67.4213,8.704,76.1253
132.851,16,78.1321,9.984,88.1161
132.877,21,64.0246,8.32,72.3446
132.908,10,65.7468,8.448,74.1948
133.03,9,63.2348,8.064,71.2988
133.041,14,68.6596,8.832,77.4916
133.163,8,66.9288,8.576,75.5048
133.391,5,69.7088,8.832,78.5408
133.536,6,76.7691,9.856,86.6251
133.543,19,56.0539,7.168,63.2219
133.628,23,56.7238,7.296,64.0198
133.646,11,71.9871,9.216,81.2031
133.772,5,69.7088,8.832,78.5408
133.933,12,68.3791,8.832,77.2111
134.055,22,84.2128,10.752,94.9648
134.06,16,79.1872,10.112,89.2992
134.272,11,71.9871,9.216,81.2031
134.481,17,67.1829,8.576,75.7589
134.503,8,67.8529,8.704,76.5569
134.587,18,62.08,7.936,70.016
134.646,22,84.2128,10.752,94.9648
134.825,17,67.1829,8.576,75.7589
134.888,9,64.2186,8.192,72.4106
134.896,10,66.789,8.576,75.365
134.922,6,77.799,9.984,87.783
134.946,20,72.6373,9.344,81.9813
134.975,7,68.2594,8.704,76.9634
135.359,19,58.1034,7.424,65.5274
135.398,14,69.705,8.96,78.665
135.412,19,58.1034,7.424,65.5274
135.599,11,73.0045,9.344,82.3485
135.763,7,69.165,8.832,77.997
135.792,12,69.4511,8.96,78.4111
135.809,18,64.0562,8.192,72.2482
135.827,15,66.4983,8.448,74.9463
135.95,21,64.9846,8.448,73.4326
136.024,9,65.2707,8.32,73.5907
136.097,18,64.0562,8.192,72.2482
136.133,5,70.6312,8.96,79.5912
136.147,23,57.8013,7.424,65.2253
136.365,8,69.8772,8.96,78.8372
136.467,19,59.025,7.552,66.577
136.616,12,70.5472,9.088,79.6352
136.682,8,69.8772,8.96,78.8372
136.827,10,68.6451,8.832,77.4771
136.99,18,65.0291,8.32,73.3491
137.011,15,67.4466,8.576,76.0226
137.158,22,85.1544,10.88,96.0344
137.208,5,72.5574,9.216,81.7734
137.301,23,58.7991,7.552,66.3511
137.316,10,68.6451,8.832,77.4771
137.492,5,72.5574,9.216,81.7734
137.526,20,73.6318,9.472,83.1038
137.541,7,71.1827,9.088,80.2707
137.638,7,71.1827,9.088,80.2707
137.874,24,76.5107,9.856,86.3667
137.976,22,86.1997,11.008,97.2077
138.005,13,57.881,7.424,65.305
138.072,16,80.2495,10.24,90.4895
138.424,13,57.881,7.424,65.305
138.524,6,78.7031,10.112,88.8151
138.626,20,74.692,9.6,84.292
138.645,24,77.4296,9.984,87.4136
138.793,21,65.9389,8.576,74.5149
138.955,10,69.5576,8.96,78.5176
139.471,23,60.6914,7.808,68.4994
139.473,14,70.6066,9.088,79.6946
139.632,23,60.6914,7.808,68.4994
139.647,13,58.8719,7.552,66.4239
139.669,16,81.2066,10.368,91.5746
139.789,15,68.4449,8.704,77.1489
139.832,18,66.106,8.448,74.554
139.983,9,66.3275,8.448,74.7755
140.304,17,69.1025,8.832,77.9345
140.49,22,87.1578,11.136,98.2938
140.536,13,60.9157,7.808,68.7237
140.553,7,72.1477,9.216,81.3637
140.575,11,76.1953,9.728,85.9233
140.593,18,67.0673,8.576,75.6433
140.616,11,76.1953,9.728,85.9233
140.776,16,83.2051,10.624,93.8291
140.793,24,78.4512,10.112,88.5632
140.934,17,69.1025,8.832,77.9345
140.952,13,60.9157,7.808,68.7237
140.981,23,62.826,8.064,70.89
141.031,11,77.185,9.856,87.041
141.153,19,60.0259,7.68,67.7059
141.337,16,83.2051,10.624,93.8291
141.352,7,73.167,9.344,82.511
141.446,11,77.185,9.856,87.041
141.552,23,63.9103,8.192,72.1023
141.649,12,71.6371,9.216,80.8531
141.665,6,79.6399,10.24,89.8799
141.719,23,63.9103,8.192,72.1023
141.975,13,61.9543,7.936,69.8903
141.996,19,61.08,7.808,68.888
142.023,10,70.6239,9.088,79.7119
142.32,7,74.1092,9.472,83.5812
142.825,19,62.9686,8.064,71.0326
142.87,17,70.0669,8.96,79.0269
142.899,16,85.0865,10.88,95.9665
142.902,15,69.4598,8.832,78.2918
143.03,19,62.9686,8.064,71.0326
143.369,7,75.067,9.6,84.667
143.478,16,85.0865,10.88,95.9665
143.558,23,64.9095,8.32,73.2295
143.63,9,68.2925,8.704,76.9965
143.701,22,89.1562,11.392,100.548
143.737,5,73.533,9.344,82.877
143.836,11,79.1718,10.112,89.2838
143.978,19,64.0648,8.192,72.2568
144.089,22,89.1562,11.392,100.548
144.096,11,79.1718,10.112,89.2838
144.108,20,75.7495,9.728,85.4775
144.17,9,69.3084,8.832,78.1404
144.323,9,69.3084,8.832,78.1404
144.378,23,66.8927,8.576,75.4687
144.435,17,71.0161,9.088,80.1041
144.47,23,66.8927,8.576,75.4687
144.505,16,86.0458,11.008,97.0538
144.746,18,69.2357,8.832,78.0677
144.892,15,70.4214,8.96,79.3814
144.955,6,81.6984,10.496,92.1944
144.968,8,70.8069,9.088,79.8949
145.051,6,81.6984,10.496,92.1944
145.089,10,71.551,9.216,80.767
145.104,18,69.2357,8.832,78.0677
145.4,14,71.641,9.216,80.857
145.441,13,62.9141,8.064,70.9781
145.544,15,71.3229,9.088,80.4109
145.564,21,66.9263,8.704,75.6303
145.818,16,87.1058,11.136,98.2418
145.968,7,76.1186,9.728,85.8466
146.12,24,79.3907,10.24,89.6307
146.177,13,63.9046,8.192,72.0966
146.19,18,70.2098,8.96,79.1698
146.303,23,68.8409,8.832,77.6729
146.394,21,67.9535,8.832,76.7855
146.567,23,68.8409,8.832,77.6729
146.586,14,73.466,9.472,82.938
146.621,9,70.284,8.96,79.244
146.702,5,75.6841,9.6,85.2841
146.714,5,75.6841,9.6,85.2841
146.717,14,73.466,9.472,82.938
146.835,7,79.0051,10.112,89.1171
146.85,7,79.0051,10.112,89.1171
147.016,18,72.2183,9.216,81.4343
147.379,7,79.0051,10.112,89.1171
147.452,18,72.2183,9.216,81.4343
147.525,20,76.68,9.856,86.536
147.531,13,64.9084,8.32,73.2284
147.595,12,72.5583,9.344,81.9023
147.69,17,71.9791,9.216,81.1951
147.798,19,65.1457,8.32,73.4657
147.931,24,80.4731,10.368,90.8411
148.185,8,71.8161,9.216,81.0321
148.232,7,79.9077,10.24,90.1477
148.339,13,65.937,8.448,74.385
148.43,6,82.692,10.624,93.316
148.467,10,73.6282,9.472,83.1002
148.646,15,72.3555,9.216,81.5715
148.67,10,73.6282,9.472,83.1002
148.736,5,76.6965,9.728,86.4245
148.795,9,71.2281,9.088,80.3161
148.936,16,88.1359,11.264,99.3999
148.955,14,75.5001,9.728,85.2281
149.002,7,80.9939,10.368,91.3619
149.113,14,75.5001,9.728,85.2281
149.604,17,74.0277,9.472,83.4997
149.64,16,89.1666,11.392,100.559
149.907,18,73.2667,9.344,82.6107
149.947,10,74.6498,9.6,84.2498
150.032,14,78.5907,10.112,88.7027
150.033,9,72.2271,9.216,81.4431
150.115,17,74.0277,9.472,83.4997
150.204,14,80.5623,10.368,90.9303
150.237,24,81.4936,10.496,91.9896
150.484,14,80.5623,10.368,90.9303
150.593,16,90.2413,11.52,101.761
150.658,19,68.1094,8.704,76.8134
150.675,13,66.9381,8.576,75.5141
150.699,19,68.1094,8.704,76.8134
150.73,7,83.828,10.752,94.58
150.76,11,80.141,10.24,90.381
150.788,14,80.5623,10.368,90.9303
150.841,14,80.5623,10.368,90.9303
150.952,7,83.828,10.752,94.58
151.005,7,83.828,10.752,94.58
151.008,19,68.1094,8.704,76.8134
151.029,18,75.3193,9.6,84.9193
151.04,21,68.9456,8.96,77.9056
151.074,18,75.3193,9.6,84.9193
151.158,24,82.4902,10.624,93.1142
151.459,17,77.0384,9.856,86.8944
151.492,23,69.8498,8.96,78.8098
151.515,17,77.0384,9.856,86.8944
151.635,17,77.0384,9.856,86.8944
151.888,24,84.4353,10.88,95.3153
151.941,20,78.6968,10.112,88.8088
152.005,18,77.2854,9.856,87.1414
152.186,22,91.2758,11.648,102.924
152.223,18,77.2854,9.856,87.1414
152.339,6,83.649,10.752,94.401
152.422,24,85.4384,11.008,96.4464
152.432,7,85.8474,11.008,96.8554
152.528,22,92.204,11.776,103.98
152.576,20,78.6968,10.112,88.8088
152.779,16,92.1945,11.776,103.97
152.853,24,85.4384,11.008,96.4464
152.921,12,73.4889,9.472,82.9609
152.985,22,92.204,11.776,103.98
153.027,15,73.291,9.344,82.635
153.036,17,78.0238,9.984,88.0078
153.057,18,79.1982,10.112,89.3102
153.105,7,85.8474,11.008,96.8554
153.281,16,92.1945,11.776,103.97
153.564,18,79.1982,10.112,89.3102
153.729,22,93.2177,11.904,105.122
153.842,5,78.7551,9.984,88.7391
153.986,9,73.2619,9.344,82.6059
154.4,5,78.7551,9.984,88.7391
154.626,13,67.9267,8.704,76.6307
154.709,6,84.5998,10.88,95.4798
154.856,23,71.9362,9.216,81.1522
154.862,9,74.2379,9.472,83.7099
154.943,15,75.3579,9.6,84.9579
154.993,12,74.4498,9.6,84.0498
155.004,23,71.9362,9.216,81.1522
155.043,7,86.8922,11.136,98.0282
155.197,21,70.9575,9.216,80.1735
155.204,11,82.1262,10.496,92.6222
155.248,21,70.9575,9.216,80.1735
155.364,14,81.5334,10.496,92.0294
155.383,15,75.3579,9.6,84.9579
155.414,17,79.8467,10.24,90.0867
155.55,11,82.1262,10.496,92.6222
155.551,5,79.8069,10.112,89.9189
155.555,17,79.8467,10.24,90.0867
155.713,16,93.2829,11.904,105.187
156.189,20,79.7018,10.24,89.9418
156.349,24,87.4709,11.264,98.7349
156.464,24,87.4709,11.264,98.7349
156.59,8,73.7485,9.472,83.2205
156.594,7,87.8953,11.264,99.1593
156.648,16,94.194,12.032,106.226
156.689,12,76.5499,9.856,86.4059
156.799,10,75.6702,9.728,85.3982
156.867,8,73.7485,9.472,83.2205
156.888,15,76.426,9.728,86.154
156.918,12,76.5499,9.856,86.4059
156.943,20,80.7637,10.368,91.1317
157.032,17,80.8652,10.368,91.2332
157.033,19,69.0656,8.832,77.8976
157.034,23,72.9295,9.344,82.2735
157.332,24,88.5543,11.392,99.9463
157.49,9,75.304,9.6,84.904
158.024,19,70.1007,8.96,79.0607
158.231,7,89.8896,11.52,101.41
158.45,6,86.5185,11.136,97.6545
158.621,18,80.2399,10.24,90.4799
158.7,9,76.3247,9.728,86.0527
158.704,6,86.5185,11.136,97.6545
158.891,7,89.8896,11.52,101.41
158.955,14,82.5569,10.624,93.1809
159.024,21,72.0259,9.344,81.3699
159.029,16,95.1279,12.16,107.288
159.152,23,73.8329,9.472,83.3049
159.335,20,81.8246,10.496,92.3206
159.524,5,80.7652,10.24,91.0052
159.576,6,88.4893,11.392,99.8813
159.616,17,81.8127,10.496,92.3087
159.625,6,88.4893,11.392,99.8813
159.768,22,94.2081,12.032,106.24
159.811,8,75.611,9.728,85.339
159.881,16,96.0562,12.288,108.344
160.257,8,75.611,9.728,85.339
160.363,5,81.7136,10.368,92.0816
160.688,11,83.1412,10.624,93.7652
160.922,23,74.7608,9.6,84.3608
161.076,6,89.4042,11.52,100.924
161.096,9,77.3048,9.856,87.1608
161.137,5,82.6162,10.496,93.1122
161.174,14,83.5391,10.752,94.2911
161.402,16,96.9876,12.416,109.404
161.649,13,69.0046,8.832,77.8366
161.8,11,84.1981,10.752,94.9501
161.927,21,73.101,9.472,82.573
161.933,6,91.5089,11.776,103.285
161.936,17,82.7201,10.624,93.3441
161.958,19,72.1297,9.216,81.3457
162.173,6,91.5089,11.776,103.285
162.23,10,76.6689,9.856,86.5249
162.259,19,72.1297,9.216,81.3457
162.359,7,90.8011,11.648,102.449
162.45,14,84.5214,10.88,95.4014
162.559,15,77.405,9.856,87.261
162.809,6,92.4457,11.904,104.35
162.824,8,76.6919,9.856,86.5479
162.869,22,95.2702,12.16,107.43
162.927,19,73.1191,9.344,82.4631
163.026,5,84.6354,10.752,95.3874
163.053,5,84.6354,10.752,95.3874
163.068,24,89.5788,11.52,101.099
163.07,23,75.7605,9.728,85.4885
163.229,20,82.7503,10.624,93.3743
163.285,12,77.5264,9.984,87.5104
163.303,9,78.3657,9.984,88.3497
163.535,10,77.6422,9.984,87.6262
163.563,17,83.6995,10.752,94.4515
163.603,22,96.2068,12.288,108.495
163.809,6,93.5452,12.032,105.577
164.133,20,83.6504,10.752,94.4024
164.185,23,76.7692,9.856,86.6252
164.254,24,91.5127,11.776,103.289
164.37,18,81.1489,10.368,91.5169
164.68,16,98.0478,12.544,110.592
164.686,17,84.6476,10.88,95.5276
164.766,24,91.5127,11.776,103.289
165.023,7,91.8346,11.776,103.611
165.042,22,97.145,12.416,109.561
165.084,20,84.5813,10.88,95.4613
165.306,15,78.3851,9.984,88.3691
165.596,6,94.5429,12.16,106.703
165.6,24,92.5833,11.904,104.487
165.728,13,69.9131,8.96,78.8731
165.745,9,79.4543,10.112,89.5663
165.766,23,77.7811,9.984,87.7651
166.131,10,79.5354,10.24,89.7754
166.132,16,99.0386,12.672,111.711
166.235,7,92.8997,11.904,104.804
166.274,15,80.2752,10.24,90.5152
166.276,11,85.1523,10.88,96.0323
166.325,15,80.2752,10.24,90.5152
166.371,20,85.6429,11.008,96.6509
166.545,8,78.567,10.112,88.679
166.59,17,88.5339,11.392,99.9259
166.66,8,78.567,10.112,88.679
166.77,10,79.5354,10.24,89.7754
166.8,6,95.5573,12.288,107.845
166.817,19,74.0923,9.472,83.5643
166.868,18,83.1544,10.624,93.7784
166.908,17,88.5339,11.392,99.9259
166.968,17,88.5339,11.392,99.9259
167.201,17,88.5339,11.392,99.9259
167.339,24,93.5973,12.032,105.629
167.342,14,86.5485,11.136,97.6845
167.347,22,99.1666,12.672,111.839
167.417,18,84.0713,10.752,94.8233
167.454,14,87.566,11.264,98.83
167.561,22,99.1666,12.672,111.839
167.662,6,97.5075,12.544,110.051
167.784,18,84.0713,10.752,94.8233
167.962,19,76.176,9.728,85.904
167.982,9,81.3615,10.368,91.7295
168.038,14,88.5545,11.392,99.9465
168.075,6,97.5075,12.544,110.051
168.146,19,76.176,9.728,85.904
168.166,15,82.261,10.496,92.757
168.321,17,89.5718,11.52,101.092
168.372,9,82.4437,10.496,92.9397
168.392,20,86.6098,11.136,97.7458
168.465,16,99.9684,12.8,112.768
168.485,14,88.5545,11.392,99.9465
168.654,23,79.7606,10.24,90.0006
168.72,22,100.221,12.8,113.021
168.801,23,79.7606,10.24,90.0006
168.813,9,82.4437,10.496,92.9397
168.815,10,80.4634,10.368,90.8314
168.833,15,82.261,10.496,92.757
168.905,21,74.0246,9.6,83.6246
168.916,19,77.1431,9.856,86.9991
169.51,13,70.8736,9.088,79.9616
169.657,15,84.1616,10.752,94.9136
169.753,9,83.4917,10.624,94.1157
169.789,12,79.5227,10.24,89.7627
169.822,11,87.0079,11.136,98.1439
169.87,12,79.5227,10.24,89.7627
169.879,22,101.255,12.928,114.183
169.93,18,86.0144,11.008,97.0224
170.008,15,84.1616,10.752,94.9136
170.052,24,94.6833,12.16,106.843
170.098,14,90.3911,11.648,102.039
170.127,11,87.0079,11.136,98.1439
170.274,19,79.2199,10.112,89.3319
170.403,18,86.0144,11.008,97.0224
170.43,6,98.4763,12.672,111.148
170.465,14,90.3911,11.648,102.039
170.58,7,93.8112,12.032,105.843
170.707,15,85.204,10.88,96.084
170.797,19,79.2199,10.112,89.3319
170.955,13,71.8647,9.216,81.0807
171.103,16,100.907,12.928,113.835
171.158,22,103.149,13.184,116.333
171.233,6,99.4766,12.8,112.277
171.322,18,87.0676,11.136,98.2036
171.401,24,95.6643,12.288,107.952
171.45,9,84.5901,10.752,95.3421
171.779,7,95.7448,12.288,108.033
171.785,22,103.149,13.184,116.333
171.789,20,87.6852,11.264,98.9492
171.859,15,87.0792,11.136,98.2152
171.982,7,95.7448,12.288,108.033
172.024,17,90.5348,11.648,102.183
172.14,10,81.5188,10.496,92.0148
172.19,6,100.563,12.928,113.491
172.218,15,87.0792,11.136,98.2152
172.264,23,80.8047,10.368,91.1727
172.573,11,89.0576,11.392,100.45
172.665,13,72.796,9.344,82.14
172.682,11,89.0576,11.392,100.45
172.745,12,80.5776,10.368,90.9456
172.776,24,96.698,12.416,109.114
172.903,5,86.5814,11.008,97.5894
173.083,22,105.034,13.44,118.474
173.131,15,88.1721,11.264,99.4361
173.244,9,85.6011,10.88,96.4811
173.335,17,91.4432,11.776,103.219
173.413,19,80.2844,10.24,90.5244
173.447,12,82.5371,10.624,93.1611
173.464,14,91.4666,11.776,103.243
173.524,22,105.034,13.44,118.474
173.542,5,86.5814,11.008,97.5894
173.555,21,75.0673,9.728,84.7953
173.565,12,82.5371,10.624,93.1611
173.682,18,88.1167,11.264,99.3807
173.768,13,73.7268,9.472,83.1988
173.805,11,90.0837,11.52,101.604
174.059,8,79.5925,10.24,89.8325
174.147,17,92.5139,11.904,104.418
174.151,16,101.95,13.056,115.006
174.294,19,81.2351,10.368,91.6031
174.343,24,97.7353,12.544,110.279
174.628,15,89.1224,11.392,100.514
175.006,23,82.8405,10.624,93.4645
175.181,23,82.8405,10.624,93.4645
175.241,24,98.7013,12.672,111.373
175.454,20,88.7309,11.392,100.123
175.664,15,90.043,11.52,101.563
176.054,8,80.5542,10.368,90.9222
176.065,21,76.0782,9.856,85.9342
176.071,24,100.561,12.928,113.489
176.25,12,84.5865,10.88,95.4665
176.454,12,84.5865,10.88,95.4665
176.635,24,101.49,13.056,114.546
176.773,11,91.0591,11.648,102.707
176.844,24,101.49,13.056,114.546
176.848,7,96.7094,12.416,109.125
176.86,6,103.398,13.312,116.71
176.863,6,103.398,13.312,116.71
176.928,5,87.5398,11.136,98.6758
176.981,22,106.032,13.568,119.6
176.986,18,89.0723,11.392,100.464
177.165,14,92.4771,11.904,104.381
177.192,16,104.04,13.312,117.352
177.366,6,103.398,13.312,116.71
177.378,16,104.04,13.312,117.352
177.566,13,75.6851,9.728,85.4131
177.969,13,75.6851,9.728,85.4131
177.985,20,89.6722,11.52,101.192
178.111,17,94.6145,12.16,106.774
178.294,23,83.8662,10.752,94.6182
178.362,16,105.124,13.44,118.564
178.397,19,82.2568,10.496,92.7528
178.475,17,94.6145,12.16,106.774
178.579,9,86.6326,11.008,97.6406
178.709,18,90.0177,11.52,101.538
178.842,13,78.852,10.112,88.964
178.877,13,78.852,10.112,88.964
178.931,6,104.428,13.44,117.868
179.036,5,88.5604,11.264,99.8244
179.131,12,85.6129,11.008,96.6209
179.182,19,83.1596,10.624,93.7836
179.23,13,78.852,10.112,88.964
179.328,22,107.025,13.696,120.721
179.445,10,82.492,10.624,93.116
179.941,23,84.9608,10.88,95.8408
180.001,12,86.6855,11.136,97.8215
180.032,15,90.9676,11.648,102.616
180.315,11,92.1387,11.776,103.915
180.422,5,89.4604,11.392,100.852
180.496,17,95.6966,12.288,107.985
180.573,24,103.612,13.312,116.924
180.684,6,106.459,13.696,120.155
180.702,6,106.459,13.696,120.155
180.818,24,103.612,13.312,116.924
181,20,90.7211,11.648,102.369
181.095,16,106.095,13.568,119.663
181.345,15,92.9949,11.904,104.899
181.369,6,108.448,13.952,122.4
181.493,13,79.7978,10.24,90.0378
181.585,5,90.3987,11.52,101.919
181.632,6,108.448,13.952,122.4
181.713,21,76.979,9.984,86.963
181.717,19,85.2436,10.88,96.1236
181.719,18,92.9862,11.904,104.89
181.752,18,92.9862,11.904,104.89
181.859,18,92.9862,11.904,104.89
181.873,17,97.7063,12.544,110.25
181.887,24,104.665,13.44,118.105
181.894,19,85.2436,10.88,96.1236
181.911,15,92.9949,11.904,104.899
182.136,14,94.6008,12.16,106.761
182.144,17,97.7063,12.544,110.25
182.427,12,87.7456,11.264,99.0096
182.563,19,86.1766,11.008,97.1846
182.689,13,80.8936,10.368,91.2616
182.698,14,94.6008,12.16,106.761
182.839,7,97.6107,12.544,110.155
183.008,9,87.6595,11.136,98.7955
183.203,20,91.6514,11.776,103.427
183.395,22,108.09,13.824,121.914
183.438,11,93.2213,11.904,105.125
183.489,7,99.4819,12.8,112.282
183.656,14,95.682,12.288,107.97
183.705,7,99.4819,12.8,112.282
183.807,13,82.9188,10.624,93.5428
183.95,15,94.0506,12.032,106.083
184.128,13,82.9188,10.624,93.5428
184.563,24,105.727,13.568,119.295
184.818,23,86.0551,11.008,97.0631
184.985,7,100.492,12.928,113.42
185.066,22,109.103,13.952,123.055
185.234,12,88.6988,11.392,100.091
185.581,13,84.8988,10.88,95.7788
185.639,13,84.8988,10.88,95.7788
185.763,8,81.5715,10.496,92.0675
185.783,21,77.9776,10.112,88.0896
185.959,5,91.4036,11.648,103.052
186.116,11,94.2428,12.032,106.275
186.395,23,87.1437,11.136,98.2797
186.421,22,110.163,14.08,124.243
186.499,14,96.5896,12.416,109.006
186.7,21,78.9216,10.24,89.1616
186.779,24,107.784,13.824,121.608
187.048,5,92.4558,11.776,104.232
187.236,20,94.6048,12.16,106.765
187.429,24,108.829,13.952,122.781
187.471,19,87.237,11.136,98.373
187.688,24,108.829,13.952,122.781
187.698,20,95.7038,12.288,107.992
187.724,15,96.1634,12.288,108.451
187.758,20,95.7038,12.288,107.992
187.806,8,83.6927,10.752,94.4447
187.88,18,94.9065,12.16,107.066
187.979,8,83.6927,10.752,94.4447
188.06,18,94.9065,12.16,107.066
188.064,21,79.9322,10.368,90.3002
188.079,7,101.487,13.056,114.543
188.105,20,95.7038,12.288,107.992
188.107,10,83.404,10.752,94.156
188.161,23,88.1778,11.264,99.4418
188.39,15,96.1634,12.288,108.451
188.521,9,89.6925,11.392,101.085
188.532,22,111.147,14.208,125.355
188.542,5,93.4849,11.904,105.389
188.663,13,88.0486,11.264,99.3126
188.745,9,89.6925,11.392,101.085
188.765,13,88.0486,11.264,99.3126
188.932,13,88.0486,11.264,99.3126
188.943,20,96.6529,12.416,109.069
188.967,23,90.1265,11.52,101.646
189.1,11,95.2699,12.16,107.43
189.194,16,107.024,13.696,120.72
189.362,23,90.1265,11.52,101.646
189.439,22,112.175,14.336,126.511
189.477,5,95.4019,12.16,107.562
189.506,5,95.4019,12.16,107.562
189.783,21,80.9435,10.496,91.4395
189.931,7,102.429,13.184,115.613
190.001,17,99.6835,12.8,112.484
190.123,10,84.4063,10.88,95.2863
190.194,20,97.6373,12.544,110.181
190.41,6,109.546,14.08,123.626
190.464,8,84.6104,10.88,95.4904
190.47,14,97.5989,12.544,110.143
190.488,21,81.9428,10.624,92.5668
190.674,17,99.6835,12.8,112.484
190.735,7,103.474,13.312,116.786
191.482,23,91.1275,11.648,102.775
191.737,21,82.9194,10.752,93.6714
191.81,22,113.252,14.464,127.716
191.868,10,86.4091,11.136,97.5451
192.208,15,97.1882,12.416,109.604
192.233,10,86.4091,11.136,97.5451
192.319,18,95.9692,12.288,108.257
192.383,11,96.3457,12.288,108.634
192.491,16,107.977,13.824,121.801
192.572,17,100.623,12.928,113.551
192.795,24,110.913,14.208,125.121
193,19,88.202,11.264,99.466
193.017,24,110.913,14.208,125.121
193.083,15,98.1903,12.544,110.734
193.105,11,97.4161,12.416,109.832
193.219,16,108.955,13.952,122.907
193.555,14,98.651,12.672,111.323
193.934,7,105.313,13.568,118.881
194.043,9,91.803,11.648,103.451
194.104,22,115.344,14.72,130.064
194.193,15,99.1833,12.672,111.855
194.236,18,96.9435,12.416,109.36
194.283,21,83.975,10.88,94.855
194.289,8,85.6126,11.008,96.6206
194.324,14,99.6978,12.8,112.498
194.43,9,91.803,11.648,103.451
194.535,7,105.313,13.568,118.881
194.611,5,97.5629,12.416,109.979
194.66,5,97.5629,12.416,109.979
194.721,23,92.0279,11.776,103.804
194.749,11,98.3943,12.544,110.938
194.751,22,115.344,14.72,130.064
194.793,24,112.012,14.336,126.348
195.189,19,89.2899,11.392,100.682
195.226,18,98.9966,12.672,111.669
195.284,16,111.045,14.208,125.253
195.468,18,98.9966,12.672,111.669
195.503,16,111.045,14.208,125.253
195.829,24,113.067,14.464,127.531
195.958,10,87.3796,11.264,98.6436
196.06,8,86.6093,11.136,97.7453
196.074,9,93.7468,11.904,105.651
196.176,9,93.7468,11.904,105.651
196.569,11,100.399,12.8,113.199
196.647,23,95.0536,12.16,107.214
196.729,20,99.5374,12.8,112.337
196.738,11,100.399,12.8,113.199
196.765,23,95.0536,12.16,107.214
196.805,20,99.5374,12.8,112.337
196.826,21,85.9987,11.136,97.1347
196.829,9,95.6224,12.16,107.782
196.846,14,100.685,12.928,113.613
196.885,5,98.4725,12.544,111.017
197.17,24,114.132,14.592,128.724
197.225,23,96.0045,12.288,108.293
197.278,18,99.9894,12.8,112.789
197.343,9,95.6224,12.16,107.782
197.424,21,85.9987,11.136,97.1347
197.45,6,111.691,14.336,126.027
197.471,16,111.974,14.336,126.31
197.67,5,99.4939,12.672,112.166
197.686,23,96.0045,12.288,108.293
197.824,12,89.6799,11.52,101.2
197.849,7,106.238,13.696,119.934
197.911,6,111.691,14.336,126.027
198.232,21,87.007,11.264,98.271
198.626,23,97.0387,12.416,109.455
198.973,19,90.2605,11.52,101.781
199.046,17,102.616,13.184,115.8
199.085,18,105.171,13.44,118.611
199.105,18,105.171,13.44,118.611
199.205,13,89.0238,11.392,100.416
199.403,12,90.5995,11.648,102.247
199.471,18,105.171,13.44,118.611
199.515,9,96.6902,12.288,108.978
199.546,17,103.698,13.312,117.01
199.595,18,105.171,13.44,118.611
199.615,14,102.835,13.184,116.019
199.709,18,105.171,13.44,118.611
199.757,14,102.835,13.184,116.019
199.803,22,116.432,14.848,131.28
199.822,10,88.3087,11.392,99.7007
199.847,23,97.9569,12.544,110.501
200.122,17,103.698,13.312,117.01
200.196,6,114.734,14.72,129.454
200.311,13,89.9639,11.52,101.484
200.374,19,91.3209,11.648,102.969
200.4,21,87.9594,11.392,99.3514
200.403,12,92.5316,11.904,104.436
200.437,6,114.734,14.72,129.454
200.595,12,92.5316,11.904,104.436
200.82,17,104.724,13.44,118.164
200.877,6,114.734,14.72,129.454
200.924,15,101.254,12.928,114.182
200.939,20,100.615,12.928,113.543
200.98,11,101.325,12.928,114.253
200.983,15,101.254,12.928,114.182
201.083,13,90.969,11.648,102.617
201.363,21,89.9736,11.648,101.622
201.452,7,108.27,13.952,122.222
201.58,16,112.884,14.464,127.348
201.583,24,115.037,14.72,129.757
201.721,7,108.27,13.952,122.222
201.798,21,89.9736,11.648,101.622
201.803,10,89.3329,11.52,100.853
202.039,12,95.5651,12.288,107.853
202.075,19,92.4145,11.776,104.19
202.11,8,88.7612,11.392,100.153
202.118,12,95.5651,12.288,107.853
202.166,12,95.5651,12.288,107.853
202.214,14,103.744,13.312,117.056
202.282,5,100.425,12.8,113.225
202.384,8,89.7146,11.52,101.235
202.57,6,116.751,14.976,131.727
202.576,6,116.751,14.976,131.727
202.732,11,102.4,13.056,115.456
202.838,14,104.652,13.44,118.092
202.916,17,106.751,13.696,120.447
202.979,8,89.7146,11.52,101.235
203.004,16,114.783,14.72,129.503
203.085,17,106.751,13.696,120.447
203.112,19,93.3451,11.904,105.249
203.147,16,114.783,14.72,129.503
203.178,22,117.431,14.976,132.407
203.231,23,98.8817,12.672,111.554
203.365,18,106.086,13.568,119.654
203.563,10,90.3675,11.648,102.015
203.68,13,92.8476,11.904,104.752
203.701,12,96.6628,12.416,109.079
203.941,20,101.639,13.056,114.695
203.946,23,99.8252,12.8,112.625
204.003,13,92.8476,11.904,104.752
204.004,16,117.729,15.104,132.833
204.018,16,117.729,15.104,132.833
204.046,8,91.5956,11.776,103.372
204.368,18,106.999,13.696,120.695
204.426,8,91.5956,11.776,103.372
204.534,15,102.271,13.056,115.327
204.662,16,118.655,15.232,133.887
204.699,17,107.653,13.824,121.477
204.97,22,118.42,15.104,133.524
204.971,19,94.3684,12.032,106.4
205.193,16,119.574,15.36,134.934
205.207,23,100.913,12.928,113.841
205.266,10,91.3573,11.776,103.133
205.273,20,102.555,13.184,115.739
205.333,8,92.4997,11.904,104.404
205.358,24,117.211,14.976,132.187
205.374,11,103.331,13.184,116.515
205.427,24,117.211,14.976,132.187
205.535,18,108.091,13.824,121.915
205.729,16,119.574,15.36,134.934
205.786,14,105.579,13.568,119.147
205.874,23,102.863,13.184,116.047
205.972,23,103.793,13.312,117.105
206.142,13,93.9264,12.032,105.958
206.554,9,97.7227,12.416,110.139
206.568,23,103.793,13.312,117.105
206.623,10,92.3176,11.904,104.222
206.905,20,103.508,13.312,116.82
206.913,17,108.629,13.952,122.581
206.957,21,92.932,12.032,104.964
206.984,21,92.932,12.032,104.964
207.116,11,104.314,13.312,117.626
207.325,5,101.364,12.928,114.292
207.34,21,92.932,12.032,104.964
207.41,24,118.262,15.104,133.366
207.564,18,109.057,13.952,123.009
207.602,22,120.489,15.36,135.849
207.661,9,98.683,12.544,111.227
207.729,17,111.858,14.336,126.194
207.806,17,111.858,14.336,126.194
207.883,16,120.642,15.488,136.13
208.2,13,95.9927,12.288,108.281
208.253,22,121.43,15.488,136.918
208.268,13,95.9927,12.288,108.281
208.37,9,100.568,12.8,113.368
208.403,17,111.858,14.336,126.194
208.553,22,122.509,15.616,138.125
208.571,15,103.344,13.184,116.528
208.623,7,109.331,14.08,123.411
208.689,14,106.522,13.696,120.218
208.711,24,119.318,15.232,134.55
208.778,9,101.649,12.928,114.577
208.984,5,103.355,13.184,116.539
208.998,10,93.2672,12.032,105.299
209.012,22,122.509,15.616,138.125
209.048,11,105.372,13.44,118.812
209.177,16,121.604,15.616,137.22
209.192,12,99.7008,12.8,112.501
209.25,21,94.9274,12.288,107.215
209.27,18,110.098,14.08,124.178
209.28,5,103.355,13.184,116.539
209.284,12,99.7008,12.8,112.501
209.398,9,101.649,12.928,114.577
209.405,20,105.521,13.568,119.089
209.586,12,99.7008,12.8,112.501
209.635,20,105.521,13.568,119.089
209.67,13,97.9793,12.544,110.523
209.692,14,107.429,13.824,121.253
209.864,21,95.9733,12.416,108.389
209.959,8,93.4452,12.032,105.477
209.963,21,95.9733,12.416,108.389
210.005,11,107.364,13.696,121.06
210.097,23,104.696,13.44,118.136
210.32,6,117.844,15.104,132.948
210.322,9,102.693,13.056,115.749
210.323,13,97.9793,12.544,110.523
210.327,16,123.599,15.872,139.471
210.416,18,111.973,14.336,126.309
210.494,11,107.364,13.696,121.06
210.591,8,94.3566,12.16,106.517
210.658,16,124.598,16,140.598
210.826,17,113.889,14.592,128.481
210.859,18,113.043,14.464,127.507
210.987,14,109.466,14.08,123.546
211.071,16,124.598,16,140.598
211.071,22,123.485,15.744,139.229
211.072,21,97.8484,12.672,110.52
211.112,14,109.466,14.08,123.546
211.15,23,105.655,13.568,119.223
211.244,21,97.8484,12.672,110.52
211.284,17,113.889,14.592,128.481
211.297,11,108.349,13.824,122.173
211.3,19,95.4552,12.16,107.615
211.333,18,114.088,14.592,128.68
211.389,8,97.3536,12.544,109.898
211.409,8,97.3536,12.544,109.898
211.421,7,110.352,14.208,124.56
211.58,8,97.3536,12.544,109.898
211.737,15,104.319,13.312,117.631
211.877,18,115.151,14.72,129.871
212.278,6,119.867,15.36,135.227
212.288,13,98.895,12.672,111.567
212.438,18,115.151,14.72,129.871
212.477,6,119.867,15.36,135.227
212.482,17,114.969,14.72,129.689
212.608,14,111.481,14.336,125.817
212.638,14,111.481,14.336,125.817
212.651,12,101.689,13.056,114.745
212.736,8,98.3173,12.672,110.989
212.786,22,125.551,16,141.551
213.02,12,101.689,13.056,114.745
213.117,22,125.551,16,141.551
213.229,21,98.8724,12.8,111.672
213.286,5,104.257,13.312,117.569
213.292,20,107.537,13.824,121.361
213.464,8,99.361,12.8,112.161
213.531,20,108.618,13.952,122.57
213.884,7,111.424,14.336,125.76
214.012,5,105.221,13.44,118.661
214.039,20,108.618,13.952,122.57
214.185,23,107.617,13.824,121.441
214.187,14,112.403,14.464,126.867
214.532,11,109.267,13.952,123.219
214.541,6,121.93,15.616,137.546
214.697,17,116.98,14.976,131.956
214.763,6,121.93,15.616,137.546
214.773,15,105.359,13.44,118.799
214.8,23,107.617,13.824,121.441
214.864,10,94.3355,12.16,106.496
214.876,19,96.4006,12.288,108.689
214.991,13,99.916,12.8,112.716
215.035,17,116.98,14.976,131.956
215.062,20,110.8,14.208,125.008
215.121,9,103.763,13.184,116.947
215.124,21,99.9714,12.928,112.899
215.175,20,111.802,14.336,126.138
215.225,5,107.404,13.696,121.1
215.263,8,100.391,12.928,113.319
215.364,18,117.204,14.976,132.18
215.491,5,107.404,13.696,121.1
215.632,23,109.602,14.08,123.682
215.632,18,117.204,14.976,132.18
215.744,6,122.853,15.744,138.597
215.804,13,100.983,12.928,113.911
215.825,20,111.802,14.336,126.138
215.894,9,104.845,13.312,118.157
216.004,14,114.409,14.72,129.129
216.17,23,109.602,14.08,123.682
216.303,24,121.318,15.488,136.806
216.407,14,114.409,14.72,129.129
216.553,5,109.333,13.952,123.285
216.585,21,101.921,13.184,115.105
216.612,24,122.325,15.616,137.941
216.668,19,97.4833,12.416,109.899
216.756,22,127.604,16.256,143.86
216.829,5,110.262,14.08,124.342
216.832,9,107.69,13.696,121.386
216.875,6,123.792,15.872,139.664
216.917,7,112.5,14.464,126.964
216.926,21,102.972,13.312,116.284
217.039,9,107.69,13.696,121.386
217.045,24,122.325,15.616,137.941
217.085,9,107.69,13.696,121.386
217.201,5,110.262,14.08,124.342
217.287,15,106.266,13.568,119.834
217.289,22,127.604,16.256,143.86
217.357,12,102.636,13.184,115.82
217.419,21,102.972,13.312,116.284
217.463,13,102.016,13.056,115.072
217.698,16,125.587,16.128,141.715
218.133,11,110.223,14.08,124.303
218.256,7,113.588,14.592,128.18
218.286,20,112.811,14.464,127.275
218.301,13,102.996,13.184,116.18
218.438,14,115.352,14.848,130.2
218.665,6,124.854,16,140.854
218.748,22,128.599,16.384,144.983
218.876,10,95.3415,12.288,107.63
218.925,19,98.4735,12.544,111.018
219.128,5,111.327,14.208,125.535
219.146,17,117.949,15.104,133.053
219.322,9,108.761,13.824,122.585
219.373,21,103.894,13.44,117.334
219.374,24,123.389,15.744,139.133
219.517,10,96.2843,12.416,108.7
219.532,12,103.655,13.312,116.967
219.757,23,110.7,14.208,124.908
219.882,6,126.908,16.256,143.164
219.964,14,116.351,14.976,131.327
220.11,19,99.4676,12.672,112.14
220.205,6,126.908,16.256,143.164
220.33,9,109.678,13.952,123.63
220.47,7,114.639,14.72,129.359
220.583,15,107.196,13.696,120.892
220.632,17,118.929,15.232,134.161
220.858,24,124.489,15.872,140.361
221.054,22,129.562,16.512,146.074
221.29,10,97.3165,12.544,109.861
221.411,6,128.896,16.512,145.408
221.604,21,105.835,13.696,119.531
221.835,6,128.896,16.512,145.408
221.905,18,118.269,15.104,133.373
221.99,21,105.835,13.696,119.531
222.118,20,113.78,14.592,128.372
222.477,22,131.526,16.768,148.294
222.498,22,131.526,16.768,148.294
222.811,7,115.554,14.848,130.402
222.848,11,111.296,14.208,125.504
222.901,19,100.538,12.8,113.338
223.11,18,119.213,15.232,134.445
223.121,12,104.68,13.44,118.12
223.168,17,119.843,15.36,135.203
223.775,10,98.3768,12.672,111.049
223.913,7,116.487,14.976,131.463
223.956,21,106.78,13.824,120.604
223.984,20,114.69,14.72,129.41
224.005,12,105.611,13.568,119.179
224.277,24,126.547,16.128,142.675
224.385,16,126.658,16.256,142.914
224.504,15,109.17,13.952,123.122
224.56,8,101.371,13.056,114.427
224.62,18,120.225,15.36,135.585
224.699,24,126.547,16.128,142.675
224.955,11,114.32,14.592,128.912
224.986,11,114.32,14.592,128.912
225.029,11,114.32,14.592,128.912
225.042,15,109.17,13.952,123.122
225.179,5,112.241,14.336,126.577
225.227,12,106.653,13.696,120.349
225.534,10,99.3885,12.8,112.189
225.554,20,115.745,14.848,130.593
225.706,19,101.53,12.928,114.458
225.891,17,120.907,15.488,136.395
225.895,8,102.272,13.184,115.456
225.988,14,117.297,15.104,132.401
226.587,10,100.309,12.928,113.237
226.639,20,116.78,14.976,131.756
226.719,21,107.816,13.952,121.768
227.149,5,115.386,14.72,130.106
227.453,5,115.386,14.72,130.106
227.457,10,101.368,13.056,114.424
227.505,13,103.905,13.312,117.217
227.525,16,127.678,16.384,144.062
227.65,5,115.386,14.72,130.106
228.179,14,118.295,15.232,133.527
228.21,10,103.323,13.312,116.635
228.23,9,110.612,14.08,124.692
228.342,12,107.569,13.824,121.393
228.423,16,128.589,16.512,145.101
228.438,8,103.184,13.312,116.496
228.44,15,110.147,14.08,124.227
228.446,23,111.788,14.336,126.124
228.481,7,118.548,15.232,133.78
228.546,7,118.548,15.232,133.78
228.839,10,104.234,13.44,117.674
228.906,20,117.693,15.104,132.797
228.954,5,117.408,14.976,132.384
229.05,14,119.379,15.36,134.739
229.064,5,117.408,14.976,132.384
229.127,10,104.234,13.44,117.674
229.232,17,121.882,15.616,137.498
229.343,9,111.553,14.208,125.761
229.608,21,108.723,14.08,122.803
229.692,24,127.625,16.256,143.881
229.719,23,112.798,14.464,127.262
229.944,20,119.741,15.36,135.101
230.024,5,118.363,15.104,133.467
230.168,12,108.637,13.952,122.589
230.193,20,119.741,15.36,135.101
230.247,9,112.607,14.336,126.943
230.326,11,116.298,14.848,131.146
230.34,11,116.298,14.848,131.146
230.343,19,102.504,13.056,115.56
230.378,7,119.47,15.36,134.83
230.481,18,121.201,15.488,136.689
230.76,10,105.264,13.568,118.832
230.821,17,122.902,15.744,138.646
230.941,23,113.878,14.592,128.47
231.265,16,129.611,16.64,146.251
231.635,9,113.696,14.464,128.16
231.646,15,111.244,14.208,125.452
231.707,22,132.482,16.896,149.378
231.712,7,120.524,15.488,136.012
231.969,13,104.905,13.44,118.345
231.971,19,103.574,13.184,116.758
232.095,24,129.645,16.512,146.157
232.366,11,117.367,14.976,132.343
232.425,12,111.582,14.336,125.918
232.445,12,111.582,14.336,125.918
232.447,12,111.582,14.336,125.918
232.58,17,123.922,15.872,139.794
232.726,6,129.819,16.64,146.459
232.771,16,133.682,17.152,150.834
232.795,24,129.645,16.512,146.157
232.848,21,109.813,14.208,124.021
233.188,5,119.394,15.232,134.626
233.234,16,133.682,17.152,150.834
233.268,23,114.816,14.72,129.536
233.288,16,133.682,17.152,150.834
233.327,20,120.817,15.488,136.305
233.38,10,106.358,13.696,120.054
233.407,16,134.632,17.28,151.912
233.844,12,113.449,14.592,128.041
233.854,12,113.449,14.592,128.041
234.005,17,124.842,16,140.842
234.027,16,134.632,17.28,151.912
234.116,14,121.419,15.616,137.035
234.155,14,121.419,15.616,137.035
234.189,22,134.53,17.152,151.682
234.241,22,134.53,17.152,151.682
234.435,5,122.34,15.616,137.956
234.459,13,105.998,13.568,119.566
234.521,24,130.731,16.64,147.371
234.541,11,118.344,15.104,133.448
234.549,19,105.577,13.44,119.017
234.659,9,114.707,14.592,129.299
234.682,19,105.577,13.44,119.017
234.757,21,110.845,14.336,125.181
234.788,17,126.845,16.256,143.101
234.869,5,122.34,15.616,137.956
234.874,5,122.34,15.616,137.956
235.329,17,126.845,16.256,143.101
235.617,21,111.887,14.464,126.351
235.963,11,120.318,15.36,135.678
236.069,12,114.494,14.72,129.214
236.182,20,121.787,15.616,137.403
236.288,17,127.941,16.384,144.325
236.296,11,120.318,15.36,135.678
236.317,10,108.319,13.952,122.271
236.468,24,131.796,16.768,148.564
236.479,10,108.319,13.952,122.271
236.522,19,106.619,13.568,120.187
236.761,15,112.248,14.336,126.584
236.774,16,135.645,17.408,153.053
236.973,9,116.744,14.848,131.592
237.107,17,128.907,16.512,145.419
237.375,23,116.749,14.976,131.725
237.397,5,124.385,15.872,140.257
237.432,8,104.233,13.44,117.673
237.507,9,116.744,14.848,131.592
237.512,23,116.749,14.976,131.725
237.547,19,108.776,13.824,122.6
237.657,18,122.176,15.616,137.792
237.87,5,124.385,15.872,140.257
237.948,19,109.745,13.952,123.697
238.045,12,115.58,14.848,130.428
238.133,20,122.858,15.744,138.602
238.163,17,129.942,16.64,146.582
238.177,16,137.81,17.664,155.474
238.189,13,108.056,13.824,121.88
238.206,19,109.745,13.952,123.697
238.215,7,121.521,15.616,137.137
238.28,10,111.321,14.336,125.657
238.308,16,137.81,17.664,155.474
238.385,10,111.321,14.336,125.657
238.432,10,111.321,14.336,125.657
238.554,6,130.872,16.768,147.64
238.772,5,125.365,16,141.365
238.778,13,108.056,13.824,121.88
238.78,24,133.771,17.024,150.795
238.898,8,105.232,13.568,118.8
238.909,9,117.794,14.976,132.77
239.131,19,110.718,14.08,124.798
239.166,14,123.387,15.872,139.259
239.217,12,117.622,15.104,132.726
239.217,24,133.771,17.024,150.795
239.348,14,123.387,15.872,139.259
239.505,12,118.582,15.232,133.814
239.521,18,123.127,15.744,138.871
239.636,13,109.004,13.952,122.956
239.678,22,136.695,17.408,154.103
239.733,22,136.695,17.408,154.103
240.056,12,119.635,15.36,134.995
240.091,10,114.341,14.72,129.061
240.244,21,112.898,14.592,127.49
240.491,12,119.635,15.36,134.995
240.505,10,115.32,14.848,130.168
240.552,10,115.32,14.848,130.168
240.559,9,118.812,15.104,133.916
240.599,24,134.868,17.152,152.02
240.75,16,138.894,17.792,156.686
240.922,10,115.32,14.848,130.168
240.964,5,126.447,16.128,142.575
241.12,8,107.224,13.824,121.048
241.128,13,110.092,14.08,124.172
241.419,18,124.097,15.872,139.969
241.43,7,122.467,15.744,138.211
241.435,9,119.794,15.232,135.026
241.629,8,107.224,13.824,121.048
241.683,23,117.664,15.104,132.768
241.684,12,121.458,15.616,137.074
241.692,10,116.245,14.976,131.221
241.767,12,121.458,15.616,137.074
242.135,20,124.896,16,140.896
242.312,8,108.159,13.952,122.111
242.436,20,124.896,16,140.896
242.455,11,121.397,15.488,136.885
242.633,18,125.162,16,141.162
242.671,5,127.427,16.256,143.683
243.049,9,120.802,15.36,136.162
243.225,14,125.501,16.128,141.629
243.233,23,119.76,15.36,135.12
243.261,8,109.144,14.08,123.224
243.346,15,113.305,14.464,127.769
243.465,21,113.946,14.72,128.666
243.557,23,119.76,15.36,135.12
243.699,14,126.499,16.256,142.755
243.747,5,128.475,16.384,144.859
243.812,10,118.155,15.232,133.387
243.815,11,122.404,15.616,138.02
243.873,20,125.815,16.128,141.943
244.002,10,118.155,15.232,133.387
244.236,14,126.499,16.256,142.755
244.473,22,138.586,17.664,156.25
244.477,7,123.533,15.872,139.405
244.571,9,121.807,15.488,137.295
244.953,22,139.505,17.792,157.297
244.973,14,127.426,16.384,143.81
244.996,11,123.387,15.744,139.131
245.29,22,140.562,17.92,158.482
245.359,18,126.142,16.128,142.27
245.663,22,140.562,17.92,158.482
245.739,20,126.752,16.256,143.008
245.757,13,111.128,14.208,125.336
245.757,6,131.884,16.896,148.78
245.824,11,124.441,15.872,140.313
245.911,14,128.466,16.512,144.978
245.958,23,121.688,15.616,137.304
246.066,7,124.464,16,140.464
246.109,17,131.979,16.896,148.875
246.234,21,116.941,15.104,132.045
246.426,23,121.688,15.616,137.304
246.528,21,116.941,15.104,132.045
246.528,24,135.846,17.28,153.126
246.594,21,116.941,15.104,132.045
246.61,17,132.972,17.024,149.996
246.618,13,112.042,14.336,126.378
246.974,17,132.972,17.024,149.996
247.091,15,115.246,14.72,129.966
247.582,24,137.782,17.536,155.318
247.666,15,115.246,14.72,129.966
247.67,12,123.314,15.872,139.186
247.68,5,129.47,16.512,145.982
247.8,12,123.314,15.872,139.186
247.843,20,127.719,16.384,144.103
247.902,19,111.7,14.208,125.908
248.103,18,127.194,16.256,143.45
248.181,24,137.782,17.536,155.318
248.313,23,122.608,15.744,138.352
248.52,21,117.958,15.232,133.19
248.611,17,134.017,17.152,151.169
248.682,10,119.252,15.36,134.612
248.773,7,125.489,16.128,141.617
248.815,12,124.32,16,140.32
248.925,9,123.817,15.744,139.561
248.93,16,139.858,17.92,157.778
248.984,8,110.213,14.208,124.421
249.292,9,123.817,15.744,139.561
249.452,7,126.414,16.256,142.67
249.605,16,141.876,18.176,160.052
249.606,19,113.669,14.464,128.133
249.706,14,130.339,16.768,147.107
249.712,20,128.705,16.512,145.217
249.776,5,130.409,16.64,147.049
249.812,16,141.876,18.176,160.052
249.892,19,114.587,14.592,129.179
250.034,18,128.12,16.384,144.504
250.159,14,130.339,16.768,147.107
250.283,9,125.852,16,141.852
250.285,19,115.487,14.72,130.207
250.437,9,125.852,16,141.852
250.49,21,119.015,15.36,134.375
250.545,24,139.649,17.792,157.441
250.626,7,127.335,16.384,143.719
250.658,19,115.487,14.72,130.207
250.733,8,111.118,14.336,125.454
250.752,17,134.998,17.28,152.278
250.84,24,139.649,17.792,157.441
251.074,10,120.35,15.488,135.838
251.164,14,131.285,16.896,148.181
251.213,13,115.074,14.72,129.794
251.278,9,126.946,16.128,143.074
251.401,19,117.461,14.976,132.437
251.435,13,115.074,14.72,129.794
251.464,11,126.402,16.128,142.53
251.489,11,126.402,16.128,142.53
251.718,20,131.685,16.896,148.581
251.749,20,131.685,16.896,148.581
251.792,13,115.074,14.72,129.794
251.941,21,121.022,15.616,136.638
251.966,20,133.701,17.152,150.853
251.995,19,117.461,14.976,132.437
252.013,18,129.027,16.512,145.539
252.098,7,128.371,16.512,144.883
252.146,22,141.472,18.048,159.52
252.234,8,112.058,14.464,126.522
252.266,21,121.022,15.616,136.638
252.38,6,132.971,17.024,149.995
252.401,15,117.191,14.976,132.167
252.402,20,133.701,17.152,150.853
252.468,15,117.191,14.976,132.167
252.472,20,134.657,17.28,151.937
252.572,12,125.304,16.128,141.432
252.619,23,123.532,15.872,139.404
253.097,20,134.657,17.28,151.937
253.128,5,131.346,16.768,148.114
253.188,15,118.27,15.104,133.374
253.486,22,142.445,18.176,160.621
253.72,13,115.999,14.848,130.847
253.881,17,136.062,17.408,153.47
254.059,19,118.528,15.104,133.632
254.248,9,127.92,16.256,144.176
254.402,10,121.429,15.616,137.045
254.49,21,122.109,15.744,137.853
254.521,15,119.242,15.232,134.474
254.576,24,140.636,17.92,158.556
254.621,16,142.917,18.304,161.221
255.196,14,132.318,17.024,149.342
255.288,23,124.504,16,140.504
255.314,12,127.345,16.384,143.729
255.365,12,127.345,16.384,143.729
255.428,11,129.268,16.512,145.78
255.514,15,120.22,15.36,135.58
255.575,11,129.268,16.512,145.78
255.617,11,129.268,16.512,145.78
255.662,10,125.316,16.128,141.444
255.853,10,125.316,16.128,141.444
255.874,6,136.094,17.408,153.502
255.938,10,125.316,16.128,141.444
255.959,10,125.316,16.128,141.444
255.98,6,136.094,17.408,153.502
256.02,17,137.002,17.536,154.538
256.107,16,144.811,18.56,163.371
256.283,7,129.415,16.64,146.055
256.366,23,125.56,16.128,141.688
256.373,6,137.182,17.536,154.718
256.513,16,144.811,18.56,163.371
256.613,18,129.93,16.64,146.57
256.738,8,113.148,14.592,127.74
256.811,21,123.103,15.872,138.975
256.821,22,143.354,18.304,161.658
256.827,6,139.128,17.792,156.92
256.915,9,128.943,16.384,145.327
257.012,14,134.404,17.28,151.684
257.055,6,140.039,17.92,157.959
257.308,6,140.039,17.92,157.959
257.374,14,134.404,17.28,151.684
257.528,24,141.547,18.048,159.595
257.56,12,129.288,16.64,145.928
257.634,9,129.847,16.512,146.359
257.638,6,140.039,17.92,157.959
257.657,10,127.384,16.384,143.768
257.704,12,129.288,16.64,145.928
257.707,20,135.563,17.408,152.971
257.975,8,114.048,14.72,128.768
257.977,21,124.063,16,140.063
257.99,15,121.149,15.488,136.637
258.246,10,127.384,16.384,143.768
258.345,9,130.778,16.64,147.418
258.445,24,142.611,18.176,160.787
258.56,16,145.835,18.688,164.523
258.605,23,126.545,16.256,142.801
259.117,12,130.213,16.768,146.981
259.22,6,141.005,18.048,159.053
259.234,8,116.172,14.976,131.148
259.252,16,147.853,18.944,166.797
259.377,19,119.451,15.232,134.683
259.389,9,132.681,16.896,149.577
259.477,20,136.656,17.536,154.192
259.479,13,116.97,14.976,131.946
259.603,15,122.116,15.616,137.732
259.634,9,132.681,16.896,149.577
259.679,11,130.302,16.64,146.942
259.702,23,127.524,16.384,143.908
259.724,16,147.853,18.944,166.797
259.78,7,130.351,16.768,147.119
259.826,24,144.684,18.432,163.116
259.921,8,116.172,14.976,131.148
260.092,17,137.999,17.664,155.663
260.11,24,144.684,18.432,163.116
260.289,5,132.266,16.896,149.162
260.739,9,134.615,17.152,151.767
260.844,11,131.356,16.768,148.124
260.933,20,138.67,17.792,156.462
261.042,8,117.128,15.104,132.232
261.217,12,131.264,16.896,148.16
261.223,22,144.38,18.432,162.812
261.293,15,123.05,15.744,138.794
261.332,9,135.528,17.28,152.808
261.365,20,138.67,17.792,156.462
261.42,19,120.393,15.36,135.753
261.557,9,136.441,17.408,153.849
261.583,18,132.937,17.024,149.961
261.682,18,132.937,17.024,149.961
261.821,6,142.048,18.176,160.224
261.885,18,132.937,17.024,149.961
262.051,10,128.427,16.512,144.939
262.06,9,136.441,17.408,153.849
262.116,15,124.118,15.872,139.99
262.155,24,146.6,18.688,165.288
262.287,20,140.569,18.048,158.617
262.422,22,145.293,18.56,163.853
262.475,20,140.569,18.048,158.617
262.483,16,148.849,19.072,167.921
262.517,24,146.6,18.688,165.288
262.551,19,121.435,15.488,136.923
262.672,5,133.301,17.024,150.325
262.677,21,125.064,16.128,141.192
262.792,7,131.357,16.896,148.253
262.827,23,128.621,16.512,145.133
263.248,16,149.913,19.2,169.113
263.3,8,118.123,15.232,133.355
263.347,19,122.465,15.616,138.081
263.412,12,132.35,17.024,149.374
263.457,13,118.918,15.232,134.15
263.653,10,130.379,16.768,147.147
263.675,17,140.984,18.048,159.032
263.751,10,130.379,16.768,147.147
263.783,7,132.363,17.024,149.387
263.898,13,118.918,15.232,134.15
263.933,17,140.984,18.048,159.032
263.946,14,135.341,17.408,152.749
263.946,17,140.984,18.048,159.032
264.006,23,130.533,16.768,147.301
264.03,8,119.05,15.36,134.41
264.076,9,137.382,17.536,154.918
264.125,15,125.109,16,141.109
264.187,18,133.865,17.152,151.017
264.343,12,133.268,17.152,150.42
264.54,10,131.405,16.896,148.301
264.628,23,131.596,16.896,148.492
264.862,21,126.163,16.256,142.419
265.04,15,126.144,16.128,142.272
265.09,12,134.337,17.28,151.617
265.197,23,131.596,16.896,148.492
265.277,18,134.766,17.28,152.046
265.669,16,150.927,19.328,170.255
265.719,8,120.106,15.488,135.594
265.823,21,128.168,16.512,144.68
265.902,21,128.168,16.512,144.68
266.101,19,123.367,15.744,139.111
266.116,17,141.901,18.176,160.077
266.98,22,146.392,18.688,165.08
267.104,23,132.69,17.024,149.714
267.438,9,138.443,17.664,156.107
267.54,19,124.357,15.872,140.229
267.557,16,151.844,19.456,171.3
267.562,7,133.337,17.152,150.489
267.841,22,147.358,18.816,166.174
267.933,13,119.995,15.36,135.355
267.975,12,135.336,17.408,152.744
268.138,23,133.673,17.152,150.825
268.292,17,142.984,18.304,161.288
268.461,21,129.088,16.64,145.728
268.51,11,132.421,16.896,149.317
268.582,5,135.323,17.28,152.603
268.684,5,135.323,17.28,152.603
268.815,9,139.524,17.792,157.316
268.827,19,125.287,16,141.287
269.139,17,144.056,18.432,162.488
269.149,8,121.109,15.616,136.725
269.236,11,133.453,17.024,150.477
269.285,6,143.075,18.304,161.379
269.332,15,128.124,16.384,144.508
269.391,20,141.602,18.176,159.778
269.428,24,148.636,18.944,167.58
269.507,13,121.086,15.488,136.574
269.763,7,134.376,17.28,151.656
269.829,8,123.139,15.872,139.011
269.833,15,128.124,16.384,144.508
269.942,24,148.636,18.944,167.58
270.073,21,131.195,16.896,148.091
270.139,8,123.139,15.872,139.011
270.378,17,146.841,18.816,165.657
270.577,12,136.404,17.536,153.94
270.582,17,146.841,18.816,165.657
270.779,21,131.195,16.896,148.091
270.908,20,142.62,18.304,160.924
270.942,17,146.841,18.816,165.657
270.981,22,148.274,18.944,167.218
271.22,14,136.275,17.536,153.811
271.605,19,128.162,16.384,144.546
271.613,19,128.162,16.384,144.546
271.9,21,132.147,17.024,149.171
271.971,15,129.082,16.512,145.594
271.993,17,147.766,18.944,166.71
272.042,11,134.533,17.152,151.685
272.064,18,135.81,17.408,153.218
272.139,5,137.398,17.536,154.934
272.175,19,128.162,16.384,144.546
272.563,5,138.311,17.664,155.975
272.706,8,124.218,16,140.218
272.755,5,138.311,17.664,155.975
273.036,16,152.86,19.584,172.444
273.098,18,137.88,17.664,155.544
273.158,23,134.761,17.28,152.041
273.203,10,133.522,17.152,150.674
273.366,19,129.214,16.512,145.726
273.38,13,122.17,15.616,137.786
273.39,10,133.522,17.152,150.674
273.419,18,137.88,17.664,155.544
273.428,21,133.105,17.152,150.257
273.534,9,140.621,17.92,158.541
273.546,20,143.618,18.432,162.05
273.597,11,136.423,17.408,153.831
273.68,15,130.002,16.64,146.642
273.755,8,126.203,16.256,142.459
273.757,8,126.203,16.256,142.459
273.806,11,136.423,17.408,153.831
274.009,14,137.34,17.664,155.004
274.441,6,144.115,18.432,162.547
274.523,17,149.797,19.2,168.997
274.523,23,135.74,17.408,153.148
274.813,14,139.285,17.92,157.205
274.941,14,139.285,17.92,157.205
274.945,16,154.896,19.84,174.736
274.953,11,138.441,17.664,156.105
275.073,17,149.797,19.2,168.997
275.101,10,134.507,17.28,151.787
275.144,18,138.808,17.792,156.6
275.394,13,124.192,15.872,140.064
275.432,16,154.896,19.84,174.736
275.441,5,139.346,17.792,157.138
275.453,11,138.441,17.664,156.105
275.821,14,140.229,18.048,158.277
275.876,13,124.192,15.872,140.064
275.885,20,144.62,18.56,163.18
275.909,18,141.829,18.176,160.005
275.92,18,141.829,18.176,160.005
275.949,10,135.46,17.408,152.868
275.998,23,136.655,17.536,154.191
276.162,18,141.829,18.176,160.005
276.261,9,143.571,18.304,161.875
276.354,9,143.571,18.304,161.875
276.471,8,127.285,16.384,143.669
276.522,9,143.571,18.304,161.875
276.641,24,149.636,19.072,168.708
276.686,14,141.218,18.176,159.394
276.806,10,136.426,17.536,153.962
276.875,15,130.932,16.768,147.7
276.936,7,136.386,17.536,153.922
276.939,21,134.198,17.28,151.478
277.207,7,136.386,17.536,153.922
277.251,22,149.271,19.072,168.343
277.276,18,142.732,18.304,161.036
277.286,17,150.875,19.328,170.203
277.517,12,138.472,17.792,156.264
277.635,12,138.472,17.792,156.264
277.645,16,155.869,19.968,175.837
277.715,5,140.4,17.92,158.32
277.719,10,137.525,17.664,155.189
277.901,8,128.333,16.512,144.845
277.913,19,130.215,16.64,146.855
277.949,22,150.24,19.2,169.44
278.037,18,144.839,18.56,163.399
278.128,15,131.895,16.896,148.791
278.454,5,142.357,18.176,160.533
278.532,18,144.839,18.56,163.399
278.609,14,142.154,18.304,160.458
278.767,17,151.967,19.456,171.423
278.891,20,146.764,18.816,165.58
279.073,5,142.357,18.176,160.533
279.309,24,150.578,19.2,169.778
279.363,8,129.334,16.64,145.974
279.493,10,138.606,17.792,156.398
279.521,20,146.764,18.816,165.58
279.893,9,144.548,18.432,162.98
280.063,11,140.551,17.92,158.471
280.075,19,131.218,16.768,147.986
280.099,16,158.937,20.352,179.289
280.167,16,158.937,20.352,179.289
280.234,23,138.613,17.792,156.405
280.373,11,140.551,17.92,158.471
280.511,10,139.657,17.92,157.577
280.528,12,139.483,17.92,157.403
280.58,15,132.882,17.024,149.906
280.623,16,159.859,20.48,180.339
280.765,23,139.523,17.92,157.443
280.923,16,159.859,20.48,180.339
280.993,7,137.369,17.664,155.033
281.05,23,141.439,18.176,159.615
281.289,6,145.103,18.56,163.663
281.369,19,133.103,17.024,150.127
281.383,14,143.068,18.432,161.5
281.462,22,152.181,19.456,171.637
281.493,23,141.439,18.176,159.615
281.557,23,141.439,18.176,159.615
281.779,9,145.59,18.56,164.15
281.785,22,152.181,19.456,171.637
281.94,20,147.679,18.944,166.623
281.963,19,133.103,17.024,150.127
282.046,24,151.496,19.328,170.824
282.195,10,140.598,18.048,158.646
282.271,8,130.266,16.768,147.034
282.454,14,144.024,18.56,162.584
282.864,23,142.501,18.304,160.805
283.036,17,152.921,19.584,172.505
283.104,11,141.481,18.048,159.529
283.255,14,145.074,18.688,163.762
283.292,13,125.147,16,141.147
283.294,20,148.726,19.072,167.798
283.431,21,135.242,17.408,152.65
283.57,23,143.403,18.432,161.835
283.645,6,147.102,18.816,165.918
283.927,18,145.849,18.688,164.537
283.928,24,152.546,19.456,172.002
284.057,6,147.102,18.816,165.918
284.117,19,134.201,17.152,151.353
284.174,21,137.238,17.664,154.902
284.234,22,153.16,19.584,172.744
284.277,8,131.212,16.896,148.108
284.363,20,149.734,19.2,168.934
284.435,23,144.346,18.56,162.906
284.483,21,137.238,17.664,154.902
284.521,9,147.423,18.816,166.239
284.695,9,147.423,18.816,166.239
284.718,24,153.555,19.584,173.139
284.749,13,126.093,16.128,142.221
284.893,14,146.12,18.816,164.936
284.931,5,144.371,18.432,162.803
284.972,15,133.89,17.152,151.042
285.211,12,140.434,18.048,158.482
285.307,21,138.174,17.792,155.966
285.355,5,144.371,18.432,162.803
285.364,23,145.402,18.688,164.09
285.413,16,160.799,20.608,181.407
285.739,19,136.334,17.408,153.742
285.814,6,148.068,18.944,167.012
286.093,19,136.334,17.408,153.742
286.261,23,146.316,18.816,165.132
286.315,17,153.929,19.712,173.641
286.399,20,152.826,19.584,172.41
286.645,20,152.826,19.584,172.41
286.645,20,152.826,19.584,172.41
286.816,22,154.145,19.712,173.857
286.823,9,148.437,18.944,167.381
286.84,6,149.071,19.072,168.143
286.844,24,155.549,19.84,175.389
286.869,12,143.388,18.432,161.82
286.981,12,143.388,18.432,161.82
287.15,21,139.202,17.92,157.122
287.197,14,148.272,19.072,167.344
287.239,19,138.386,17.664,156.05
287.252,19,138.386,17.664,156.05
287.338,12,143.388,18.432,161.82
287.442,24,155.549,19.84,175.389
287.544,14,148.272,19.072,167.344
287.735,23,148.317,19.072,167.389
287.737,8,132.209,17.024,149.233
288.023,22,156.196,19.968,176.164
288.2,24,157.474,20.096,177.57
288.295,20,154.853,19.84,174.693
288.295,12,144.308,18.56,162.868
288.296,23,148.317,19.072,167.389
288.39,22,156.196,19.968,176.164
288.39,24,157.474,20.096,177.57
288.433,21,140.267,18.048,158.315
288.438,11,142.441,18.176,160.617
288.513,16,161.787,20.736,182.523
288.641,5,145.329,18.56,163.889
288.694,10,142.624,18.304,160.928
288.744,9,149.509,19.072,168.581
288.783,20,154.853,19.84,174.693
288.855,18,147.948,18.944,166.892
289.147,16,162.716,20.864,183.58
289.3,10,143.674,18.432,162.106
289.303,14,149.343,19.2,168.543
289.505,10,143.674,18.432,162.106
289.517,21,142.225,18.304,160.529
289.546,18,147.948,18.944,166.892
289.92,14,150.261,19.328,169.589
290.12,11,143.531,18.304,161.835
290.147,9,151.533,19.328,170.861
290.16,24,158.405,20.224,178.629
290.197,21,143.241,18.432,161.673
290.435,5,146.349,18.688,165.037
290.574,21,143.241,18.432,161.673
290.623,23,150.4,19.328,169.728
290.663,23,150.4,19.328,169.728
290.705,9,152.465,19.456,171.921
290.914,13,128.274,16.384,144.658
291.248,9,152.465,19.456,171.921
291.249,13,128.274,16.384,144.658
291.256,16,164.617,21.12,185.737
291.258,16,164.617,21.12,185.737
291.28,17,156.065,19.968,176.033
291.283,14,151.307,19.456,170.763
291.507,19,139.361,17.792,157.153
291.528,20,156.841,20.096,176.937
291.696,18,148.856,19.072,167.928
291.833,23,152.415,19.584,171.999
291.866,24,159.347,20.352,179.699
291.907,17,156.065,19.968,176.033
291.995,22,158.072,20.224,178.296
292.169,20,156.841,20.096,176.937
292.273,23,153.474,19.712,173.186
292.277,11,144.627,18.432,163.059
292.318,22,158.072,20.224,178.296
292.743,9,153.489,19.584,173.073
292.783,23,153.474,19.712,173.186
292.838,14,153.169,19.712,172.881
292.865,13,129.352,16.512,145.864
292.957,11,146.591,18.688,165.279
292.998,8,133.166,17.152,150.318
293.024,11,146.591,18.688,165.279
293.107,5,149.47,19.072,168.542
293.243,7,139.511,17.92,157.431
293.356,18,149.777,19.2,168.977
293.363,14,153.169,19.712,172.881
293.412,5,149.47,19.072,168.542
293.588,23,155.487,19.968,175.455
293.626,7,140.501,18.048,158.549
293.767,23,155.487,19.968,175.455
293.808,5,149.47,19.072,168.542
293.861,9,155.457,19.84,175.297
293.921,16,165.615,21.248,186.863
293.937,9,155.457,19.84,175.297
294.075,12,145.248,18.688,163.936
294.087,7,140.501,18.048,158.549
294.161,6,150.113,19.2,169.313
294.195,14,154.209,19.84,174.049
294.226,10,144.603,18.56,163.163
294.496,24,160.365,20.48,180.845
294.77,18,150.717,19.328,170.045
294.788,21,145.329,18.688,164.017
294.793,9,156.363,19.968,176.331
294.887,5,150.494,19.2,169.694
294.965,19,141.389,18.048,159.437
295.094,21,145.329,18.688,164.017
295.292,13,130.39,16.64,147.03
295.311,20,158.775,20.352,179.127
295.527,19,141.389,18.048,159.437
295.622,11,147.636,18.816,166.452
295.788,20,158.775,20.352,179.127
295.881,21,146.297,18.816,165.113
295.936,16,166.689,21.376,188.065
296.177,19,142.33,18.176,160.506
296.303,14,156.191,20.096,176.287
296.419,14,156.191,20.096,176.287
296.562,8,134.154,17.28,151.434
296.613,24,161.39,20.608,181.998
296.639,17,156.97,20.096,177.066
296.764,9,157.344,20.096,177.44
296.806,20,159.807,20.48,180.287
296.957,12,146.152,18.816,164.968
297.227,19,143.364,18.304,161.668
297.255,21,147.332,18.944,166.276
297.301,5,152.47,19.456,171.926
297.304,5,152.47,19.456,171.926
297.331,8,135.059,17.408,152.467
297.362,7,141.442,18.176,159.618
297.524,11,148.591,18.944,167.535
297.566,24,162.44,20.736,183.176
297.607,20,161.827,20.736,182.563
297.853,12,148.213,19.072,167.285
297.907,12,148.213,19.072,167.285
297.924,22,159.062,20.352,179.414
298.008,14,157.229,20.224,177.453
298.024,20,161.827,20.736,182.563
298.076,13,131.374,16.768,148.142
298.404,15,134.866,17.28,152.146
298.442,5,153.524,19.584,173.108
298.483,10,145.537,18.688,164.225
298.596,21,148.244,19.072,167.316
298.814,6,151.033,19.328,170.361
298.827,22,160.132,20.48,180.612
298.869,23,156.451,20.096,176.547
298.944,18,151.766,19.456,171.222
299.001,13,132.431,16.896,149.327
299.345,14,158.327,20.352,178.679
299.397,12,149.115,19.2,168.315
299.433,10,147.58,18.944,166.524
299.526,10,147.58,18.944,166.524
299.97,15,136.896,17.536,154.432
300.062,8,136.055,17.536,153.591
300.091,7,142.532,18.304,160.836
300.099,16,167.653,21.504,189.157
300.155,23,157.546,20.224,177.77
300.216,11,149.492,19.072,168.564
300.338,21,149.256,19.2,168.456
300.483,15,136.896,17.536,154.432
300.489,22,161.11,20.608,181.718
300.661,12,150.196,19.328,169.524
