time_s,task_id,ue_id,latency_ms,offloaded
0.810462,1,9,605.462,0
0.812946,1,12,607.946,0
0.814439,1,7,609.439,0
0.81623,1,10,611.23,0
0.821793,1,13,616.793,0
0.835568,1,8,630.568,0
0.840171,1,6,635.171,0
0.858959,1,21,653.959,0
0.867165,1,22,662.165,0
0.870945,2,14,619.451,0
0.874563,1,24,669.563,0
0.882187,1,20,677.187,0
0.886923,1,15,681.923,0
0.907356,1,14,702.356,0
0.907565,1,19,702.565,0
0.914636,1,5,709.636,0
0.915198,1,23,710.198,0
0.921398,1,18,716.398,0
0.923229,1,11,718.229,0
0.93404,1,17,729.04,0
0.93626,1,16,731.26,0
1.12627,3,19,632.813,0
1.13543,2,11,621.572,0
1.15439,2,20,628.205,0
1.18766,2,19,705.338,0
1.25342,2,7,632.651,0
1.37241,2,13,605.636,0
1.40404,2,15,712.763,0
1.47112,2,6,725.884,0
1.5485,2,12,664.928,0
1.76128,2,22,729.728,0
1.96789,3,13,681.144,0
1.99291,3,15,710.945,0
2.21963,2,23,726.993,0
2.38687,2,17,666.305,0
2.42994,3,7,674.118,0
2.57124,2,18,615.702,0
2.57745,2,8,668.313,0
2.61927,2,24,685.726,0
2.70367,4,13,613.693,0
2.84268,5,13,625.297,0
2.86293,3,20,705.587,0
2.87851,3,11,706.597,0
2.88603,2,10,628.845,0
2.99201,4,7,637.358,0
3.03762,3,17,637.826,0
3.03903,3,14,617.465,0
3.10529,3,10,649.117,0
3.2108,4,15,723.918,0
3.43109,2,5,632.876,0
3.46994,5,15,649.144,0
3.5485,4,14,717.69,0
3.68473,3,6,659.308,0
3.76867,4,17,689.598,0
3.80033,5,17,613.078,0
3.83105,3,5,727.617,0
3.8731,5,14,726.395,0
4.21451,6,15,671.476,0
4.5036,3,23,708.35,0
4.51891,4,19,664.066,0
4.54296,4,11,675.449,0
4.54905,6,13,662.714,0
4.58385,6,17,708.783,0
4.6595,6,14,686.156,0
4.73699,4,20,692.644,0
4.92818,3,24,624.228,0
4.94715,7,17,683.887,0
4.94889,4,10,722.764,0
4.96384,2,16,686.461,0
4.97727,5,7,707.279,0
5.03063,3,22,726.398,0
5.07916,5,19,665.696,0
5.13683,3,18,694.405,0
5.24521,5,11,701.614,0
5.83437,6,11,630.82,0
6.01148,4,5,614.58,0
6.06588,7,11,637.66,0
6.09553,5,10,618.627,0
6.26423,6,7,675.414,0
6.40924,5,20,700.862,0
6.41196,4,18,727.632,0
6.51662,6,10,688.332,0
6.56635,4,22,658.075,0
6.67382,5,5,695.412,0
6.75376,5,22,688.862,0
6.79944,7,7,682.455,0
6.81158,8,7,639.538,0
6.8308,4,6,648.566,0
6.89175,9,7,637.454,0
6.98736,7,13,687.101,0
7.15464,7,14,636.719,0
7.17245,4,23,618.003,0
7.18887,3,12,675.381,0
7.21338,5,18,699.484,0
7.27969,6,20,702.066,0
7.31276,4,12,656.71,0
7.44723,6,22,712.292,0
7.5984,8,11,613.147,0
7.61411,7,22,670.253,0
7.67494,5,23,606.843,0
7.69528,8,14,644.65,0
7.87504,7,10,638.385,0
7.95837,6,5,654.513,0
8.08649,5,6,665.55,0
8.17587,5,12,636.732,0
8.26751,6,6,615.484,0
8.30348,7,5,723.69,0
8.46959,3,16,609.598,0
8.50507,7,6,641.673,0
8.53803,9,11,631.725,0
8.68561,6,23,698.579,0
8.89817,2,9,610.502,0
8.95412,3,8,626.303,0
8.9951,10,7,674.504,0
9.05649,8,6,716.766,0
9.26652,4,24,605.855,0
9.37739,6,12,672.46,0
9.41028,3,9,619.303,0
9.48708,4,8,694.602,0
9.55288,8,13,620.829,0
9.58966,10,11,636.356,0
9.64967,6,18,635.024,0
9.66536,8,22,687.224,0
9.80508,8,10,628.884,0
9.88106,4,16,711.146,0
10.042,7,15,670.921,0
10.445,9,14,609.452,0
10.4815,11,11,663.76,0
10.5122,8,5,718.884,0
10.6736,11,7,621.7,0
10.7097,9,5,680.22,0
10.7649,6,19,720.152,0
10.771,8,15,665.828,0
10.8381,12,7,616.323,0
10.9933,9,10,665.215,0
11.1105,13,7,705.559,0
11.1754,5,8,690.778,0
11.1831,4,9,716.976,0
11.4409,7,23,641.536,0
11.5791,10,10,708.984,0
11.6218,2,21,617.218,0
11.6956,3,21,659.784,0
11.712,14,7,679.867,0
12.0499,15,7,674.322,0
12.4401,6,8,666.42,0
12.6089,10,14,645.61,0
12.6538,9,6,698.814,0
12.7322,5,24,648.356,0
12.7835,5,9,611.479,0
12.7991,11,10,693.4,0
12.8946,11,14,685.099,0
12.9189,6,24,699.154,0
12.9819,12,14,612.827,0
13.0339,16,7,732.705,0
13.0684,7,8,694.505,0
13.1066,9,22,696.727,0
13.3005,6,9,667.387,0
13.5423,8,17,654.902,0
13.6517,7,20,607.116,0
13.7099,5,16,708.337,0
13.8218,7,19,622.755,0
13.8335,9,13,613.713,0
13.927,13,14,665.815,0
14.1129,9,15,723.353,0
14.5437,4,21,635.005,0
14.5942,7,9,633.874,0
14.678,10,15,685.376,0
14.6968,12,10,643.765,0
14.7386,10,6,725.104,0
14.8176,17,7,733.311,0
14.9409,18,7,708.246,0
15.1474,11,6,625.322,0
15.2305,7,24,666.27,0
15.3304,12,11,678.56,0
15.348,7,18,617.578,0
15.4831,6,16,650.923,0
15.5804,7,12,613.38,0
15.6225,7,16,635.457,0
15.8221,8,24,679.318,0
16.1101,8,16,684.536,0
16.1409,5,21,640.539,0
16.2525,12,6,655.461,0
16.435,8,8,600.844,0
16.5351,9,8,622.219,0
16.6692,14,14,619.154,0
16.7192,8,12,655.274,0
16.7636,11,15,606.383,0
16.95,10,22,729.406,0
17.016,19,7,630.712,0
17.194,9,24,656.98,0
17.254,8,20,619.694,0
17.3492,8,9,672.452,0
17.4953,13,11,604.433,0
17.6557,15,14,729.91,0
17.9717,10,5,727.178,0
18.011,9,20,724.276,0
18.0547,9,17,674.312,0
18.0778,8,18,666.286,0
18.1295,10,13,722.83,0
18.1922,10,24,628.473,0
18.2463,6,21,715.908,0
18.4146,20,7,604.518,0
18.5231,11,5,726.915,0
18.6508,11,24,660.519,0
18.9227,13,6,676.369,0
19.004,13,10,646.352,0
19.1196,9,16,697.136,0
19.3107,14,10,702.038,0
19.4464,14,11,718.192,0
19.5138,10,20,600.726,0
19.5501,11,13,698.656,0
19.7111,15,10,654.186,0
19.7212,9,18,659.722,0
19.859,10,8,682.426,0
19.9773,16,10,641.055,0
20.004,12,13,614.57,0
20.2068,17,10,653.192,0
20.2081,10,16,614.477,0
20.4435,11,8,645.925,0
20.6083,13,13,727.935,0
20.6427,12,8,636.491,0
20.7324,9,9,658.343,0
20.8791,18,10,662.084,0
20.9468,10,9,679.705,0
20.9971,14,6,615.963,0
21.0031,12,24,643.576,0
21.0146,13,8,660.122,0
21.0415,11,9,672.447,0
21.0496,8,19,650.379,0
21.1669,11,16,614.462,0
21.1708,12,5,671.244,0
21.2103,9,19,632.778,0
21.2177,14,8,624.782,0
21.4617,12,9,717.332,0
21.4901,15,6,696.23,0
21.5149,7,21,641.818,0
21.7862,15,8,713.997,0
21.8222,10,17,678.898,0
21.9985,12,15,680.501,0
22.0995,8,23,646.952,0
22.1478,12,16,696.479,0
22.2048,13,9,623.099,0
22.2995,13,24,633.114,0
22.3503,14,24,642.524,0
22.3585,13,16,657.01,0
22.4616,10,19,705.669,0
22.8723,11,20,683.488,0
23.0677,11,19,729.191,0
23.0864,10,18,666.378,0
23.2349,12,20,606.127,0
23.3616,16,6,709.356,0
23.4424,13,20,619.486,0
23.4953,16,8,727.511,0
23.6534,13,5,694.219,0
23.8078,15,11,616.023,0
23.8478,14,5,649.898,0
23.9039,14,13,652.002,0
23.9414,16,14,611.434,0
24.1297,19,10,644.706,0
24.5241,9,12,703.988,0
24.5833,14,20,638.282,0
24.6436,17,14,635.078,0
24.6947,17,8,697.466,0
24.7458,15,5,660.733,0
24.7753,12,19,628.21,0
24.7958,14,16,664.474,0
24.9688,16,5,667.31,0
24.9839,20,10,601.381,0
25.0725,17,5,716.987,0
25.2123,16,11,640.878,0
25.2861,21,7,718.928,0
25.3298,11,17,604.086,0
25.5594,8,21,623.513,0
25.7596,10,12,697.925,0
25.7727,22,7,689.91,0
25.8224,15,13,653.084,0
25.8848,11,12,603.65,0
25.9121,18,5,693.994,0
25.9574,12,12,630.132,0
25.959,15,24,705.795,0
26.153,21,10,706.439,0
26.2705,11,22,618.458,0
26.3753,12,17,677.793,0
26.5743,23,7,673.472,0
26.6482,16,24,699.278,0
27.0643,13,15,698.238,0
27.2192,17,6,664.702,0
27.342,11,18,681.815,0
27.3865,12,22,650.474,0
27.4512,17,11,665.393,0
27.5806,13,22,687.668,0
27.6623,24,7,726.899,0
27.6641,12,18,724.333,0
27.7536,25,7,609.165,0
27.7653,17,24,722.692,0
27.8577,14,15,697.683,0
27.9442,18,11,642.396,0
28.0034,15,16,615.918,0
28.0219,9,23,687.27,0
28.0435,14,9,652.514,0
28.0596,18,8,685.66,0
28.1575,9,21,617.095,0
28.3413,18,6,700.437,0
28.3424,22,10,673.511,0
28.5688,16,16,639.167,0
28.6097,26,7,723.636,0
28.6572,13,12,673.109,0
28.8325,15,15,669.53,0
28.8741,14,22,702.34,0
28.9564,15,9,717.732,0
28.9567,19,11,612.732,0
28.9709,16,15,720.955,0
29.0615,16,9,694.49,0
29.1091,13,17,619.412,0
29.3304,19,5,626.441,0
29.5338,13,18,603.573,0
29.6617,18,24,660.052,0
29.8591,20,11,661.196,0
29.9795,17,15,684.318,0
30.2322,17,9,727.328,0
30.4539,20,5,679.573,0
30.5528,18,15,653.293,0
30.6456,10,21,706.493,0
30.6506,15,20,724.074,0
30.7966,21,5,698.596,0
30.8279,22,5,659.852,0
31.5303,14,17,712.998,0
31.5327,19,6,658.474,0
31.7031,18,14,699.617,0
31.7382,19,15,618.456,0
31.7502,14,18,649.125,0
31.8347,21,11,649.582,0
31.9713,16,13,707.349,0
32.1175,15,17,728.182,0
32.1245,23,11,650.222,0
32.1304,15,18,696.177,0
32.1375,22,11,694.992,0
32.1436,23,5,731.089,0
32.1447,15,22,715.325,0
32.2103,16,17,717.256,0
32.2556,20,6,668.211,0
32.2904,11,21,717.298,0
32.3005,16,22,600.26,0
32.6417,20,15,678.015,0
32.6671,17,16,683.88,0
32.6682,16,18,654.065,0
32.8137,23,10,669.329,0
33.0036,19,8,611.637,0
33.1211,24,10,638.879,0
33.1456,27,7,638.48,0
33.1602,19,14,680.146,0
33.2497,21,6,709.823,0
33.2777,17,18,671.531,0
33.367,17,13,723.037,0
33.4591,20,14,708.16,0
33.5589,20,8,644.485,0
33.5794,18,13,720.286,0
33.6549,22,6,649.207,0
33.9025,28,7,655.751,0
33.9169,18,18,648.126,0
34.0126,16,20,614.438,0
34.0673,21,14,702.776,0
34.1121,19,13,685.583,0
34.1433,14,12,665.703,0
34.1835,19,18,662.025,0
34.2583,25,10,676.58,0
34.5375,18,9,655.822,0
34.5855,10,23,648.542,0
34.6611,21,8,692.231,0
34.7335,15,12,670.375,0
34.7479,23,6,661.083,0
34.7569,22,14,658.299,0
34.8104,13,19,625.613,0
34.8879,16,12,658.221,0
34.9097,17,22,651.497,0
35.0744,24,5,706.37,0
35.1633,12,21,608.989,0
35.1753,18,22,691.908,0
35.2312,26,5,604.655,0
35.2852,25,5,668.526,0
35.2868,20,18,601.393,0
35.481,19,22,665.791,0
35.5769,24,6,666.589,0
35.582,19,9,700.671,0
35.6054,18,16,719,0
35.6685,25,6,699.664,0
35.6788,23,14,609.1,0
35.7322,21,15,654.364,0
35.7552,17,20,655.615,0
35.7663,26,6,671.65,0
35.8405,20,9,633.82,0
35.9842,24,14,615.291,0
36.2442,13,21,636.407,0
36.2912,29,7,615.917,0
36.3456,30,7,616.796,0
36.712,19,16,663.776,0
36.851,21,18,617.17,0
36.8938,25,14,675.524,0
37.0102,26,10,713.504,0
37.1707,27,10,691.121,0
37.2096,20,22,676.65,0
37.2901,20,13,608.321,0
37.3254,21,22,611.564,0
37.3672,24,11,675.336,0
37.637,27,6,648.481,0
37.6936,20,16,726.963,0
37.7755,21,13,709.581,0
37.7923,22,22,721.746,0
37.9871,22,13,606.875,0
38.0166,14,21,672.177,0
38.0545,28,6,638.37,0
38.1122,11,23,687.931,0
38.141,28,10,723.834,0
38.2195,23,22,651.098,0
38.2242,29,10,695.978,0
38.2667,22,15,627.34,0
38.3128,24,22,712.217,0
38.5381,19,24,724.577,0
38.5478,25,11,666.582,0
38.5717,17,12,670.153,0
38.6422,22,18,629.068,0
39.081,23,18,620.358,0
39.1207,18,20,674.756,0
39.3871,21,16,719.12,0
39.403,31,7,648.738,0
39.6055,17,17,652.043,0
39.8214,25,22,676.692,0
39.8935,20,24,669.102,0
40.1839,32,7,690.398,0
40.2124,27,22,613.008,0
40.2293,26,22,719.089,0
40.3788,21,24,678.751,0
40.7812,22,16,664.316,0
40.7929,30,10,628.336,0
40.9898,31,10,695.652,0
41.1189,18,12,696.61,0
41.1384,21,9,642.833,0
41.2042,15,21,667.18,0
41.3193,16,21,641.571,0
41.3727,26,11,720.349,0
41.4189,22,9,678.308,0
41.4636,22,8,679.398,0
41.5733,24,18,654.659,0
41.619,27,5,637.239,0
41.7622,19,20,718.329,0
42.0125,25,18,707.582,0
42.0471,29,6,628.916,0
42.1249,18,17,702.187,0
42.1267,27,11,697.529,0
42.1373,14,19,675.945,0
42.3133,20,20,690.892,0
42.3423,23,8,689.115,0
42.3995,15,19,609.467,0
42.4227,19,17,671.445,0
42.5226,17,21,635.422,0
42.5836,28,5,731.931,0
42.5957,23,15,602.263,0
43.1109,20,17,647.089,0
43.1404,12,23,682.76,0
43.1744,26,18,683.229,0
43.3923,16,19,696.861,0
43.423,22,24,616.399,0
43.4619,28,22,724.924,0
43.5106,13,23,673.848,0
43.548,17,19,689.011,0
43.5671,23,24,633.353,0
43.632,30,6,689.973,0
43.6828,19,12,660.994,0
43.9415,14,23,687.254,0
43.9616,18,19,667.71,0
44.0129,27,18,695.164,0
44.081,32,10,606.17,0
44.1751,21,20,649.74,0
44.1792,21,17,666.807,0
44.5628,22,17,631.945,0
44.6306,19,19,638.379,0
44.6602,28,11,719.224,0
44.802,24,24,725.911,0
45.0743,26,14,651.092,0
45.1054,29,11,687.432,0
45.1762,33,10,718.86,0
45.3153,29,22,731.07,0
45.7821,23,16,612.265,0
45.8583,24,8,663.025,0
45.9016,23,9,668.41,0
45.975,31,6,688.303,0
46.0249,24,17,637.052,0
46.025,23,17,681.436,0
46.1418,20,19,659.408,0
46.1572,25,17,710.312,0
46.2275,21,19,666.827,0
46.2418,25,8,708.498,0
46.3377,24,16,611.364,0
46.3597,22,20,720.837,0
46.36,32,6,643.286,0
46.3764,26,8,670.591,0
46.5605,23,13,726.822,0
46.5768,23,20,677.422,0
46.6342,27,8,719.637,0
46.6949,22,19,645.121,0
46.7064,25,24,660.262,0
46.725,20,12,720.618,0
46.7374,24,15,634.384,0
46.9832,28,18,643.9,0
47.0519,27,14,726.827,0
47.0866,15,23,611.377,0
47.3398,33,6,715.199,0
47.4124,26,17,613.616,0
47.5803,24,9,614.372,0
47.8634,23,19,732.427,0
48.0599,26,24,669.063,0
48.0999,30,22,699.953,0
48.1179,27,24,662.914,0
48.1342,29,18,643.052,0
48.4279,27,17,621.895,0
48.4722,16,23,655.019,0
48.5174,21,12,647.944,0
48.5441,28,24,704.736,0
48.8191,24,13,716.768,0
48.9458,34,6,631.206,0
49.0562,33,7,719.057,0
49.1968,25,15,657.322,0
49.2755,34,7,719.714,0
49.3391,17,23,615.7,0
49.4207,22,12,642.339,0
49.525,31,22,653.28,0
49.7058,30,18,613.521,0
49.8078,29,24,645.042,0
49.815,18,21,607.012,0
50.0355,29,5,627.788,0
50.1847,23,12,696.358,0
50.2468,18,23,713.023,0
50.2863,32,22,623.807,0
50.5091,35,6,648.101,0
50.5202,24,12,633.905,0
50.528,30,11,618.725,0
50.5756,25,16,709.703,0
50.5843,28,8,638.752,0
50.7277,24,20,698.887,0
50.9708,30,24,615.01,0
51.0564,26,15,732.522,0
51.092,19,21,666.272,0
51.1788,25,20,628.521,0
51.2355,30,5,664.818,0
51.242,20,21,695.623,0
51.2437,25,9,651.549,0
51.2545,26,16,714.822,0
51.3359,29,8,723.16,0
51.5892,25,12,601.19,0
51.6278,27,16,716.253,0
51.6332,31,24,685.473,0
51.6408,26,12,637.274,0
51.75,33,22,707.896,0
52.0399,28,16,615.599,0
52.215,30,8,653.13,0
52.3127,28,14,717.007,0
52.3545,31,11,701.932,0
52.5449,27,12,691.587,0
52.5876,32,24,716.393,0
52.7696,29,16,703.316,0
52.8482,26,20,703.157,0
53.0873,32,11,647.047,0
53.099,27,20,702.299,0
53.4332,28,17,691.618,0
53.5364,21,21,682.214,0
53.6862,31,18,684.896,0
53.7295,30,16,675.142,0
53.84,19,23,647.722,0
53.8672,34,22,658.176,0
53.9129,33,11,626.716,0
54.3704,35,7,641.405,0
54.985,35,22,633.919,0
55.0062,34,11,698.834,0
55.0117,31,8,671.78,0
55.0119,26,9,727.265,0
55.1758,35,11,610.48,0
55.8334,24,19,643.941,0
55.8359,29,17,624.991,0
55.9382,21,23,638.39,0
55.9662,20,23,727.095,0
56.1266,36,6,691.576,0
56.2229,36,22,712.196,0
56.3001,27,9,717.9,0
56.3049,22,21,630.454,0
56.3084,34,10,675.462,0
56.3666,32,18,626.21,0
56.4917,36,7,681.109,0
56.5457,27,15,705.845,0
56.5807,28,9,730.328,0
56.592,25,19,702.827,0
56.6476,37,6,637.655,0
56.6488,29,9,679.1,0
56.7688,31,5,695.564,0
56.7963,23,21,732.343,0
56.8408,29,14,664.55,0
57.2251,33,24,716.944,0
57.2628,25,21,605.152,0
57.2763,24,21,663.765,0
57.4227,34,24,728.178,0
57.4258,36,11,708.656,0
57.5637,33,18,680.213,0
57.5947,26,21,665.44,0
57.6439,30,9,649.916,0
57.7693,25,13,719.359,0
57.7751,35,10,686.142,0
57.838,30,14,649.046,0
57.8495,32,8,690.893,0
58.0997,37,11,648.49,0
58.136,31,14,619.565,0
58.2288,35,24,686.394,0
58.6955,28,12,645.198,0
58.7142,38,11,732.936,0
58.7543,29,12,673.176,0
58.762,27,21,627.66,0
59.1367,28,21,698.997,0
59.2207,22,23,718.68,0
59.3028,31,9,663.138,0
59.3201,30,12,692.309,0
59.3301,30,17,689.233,0
59.3972,32,9,673.82,0
59.5719,31,16,696.46,0
59.6391,36,10,702.811,0
59.6945,28,15,640.81,0
59.754,32,16,660.011,0
59.9277,26,13,641.357,0
60.0625,28,20,600.359,0
60.1733,29,21,671.864,0
60.2235,33,16,694.187,0
60.3435,34,18,654.849,0
60.3638,36,24,619.299,0
60.4163,37,7,684.037,0
60.4265,29,15,667.338,0
60.6204,34,16,724.203,0
60.6403,31,17,706.706,0
60.7357,30,21,708.395,0
60.9949,23,23,651.098,0
61.2056,26,19,683.534,0
61.3243,32,17,691.779,0
61.344,31,12,616.164,0
61.369,24,23,619.157,0
61.3938,35,16,660.006,0
61.8667,33,9,716.094,0
62.098,35,18,696.69,0
62.1392,32,5,687.594,0
62.2863,33,8,697.235,0
62.3645,30,15,696.119,0
62.5589,27,13,643.085,0
62.6205,36,16,729.985,0
62.7221,31,15,634.89,0
62.8933,29,20,653.304,0
62.962,25,23,626.193,0
63.0676,32,14,699.449,0
63.0786,28,13,636.157,0
63.1272,39,11,650.94,0
63.1431,34,9,721.09,0
63.231,32,15,676.737,0
63.2412,37,22,640.206,0
63.5534,40,11,713.771,0
63.6783,34,8,719.906,0
63.6843,33,5,706.606,0
63.6907,38,7,628.481,0
63.8139,37,16,610.393,0
63.8716,33,14,609.895,0
64.0528,37,10,678.132,0
64.0618,38,22,614.652,0
64.2315,36,18,685.726,0
64.2551,35,9,648.107,0
64.3609,38,6,635.712,0
64.3845,33,17,656.657,0
64.5387,34,17,696.326,0
64.6735,34,14,616.42,0
64.7158,36,9,623.407,0
64.8815,38,16,700.391,0
64.8991,37,24,725.665,0
64.964,35,8,605.024,0
65.2481,39,6,645.048,0
65.297,35,14,603.468,0
65.3258,37,18,728.075,0
65.4204,30,20,712.398,0
65.4727,27,19,607.277,0
65.5681,39,16,638.652,0
65.5716,31,21,615.496,0
65.6772,38,24,676.48,0
65.6872,36,8,695.1,0
65.7264,40,6,640.35,0
65.7363,35,17,691.453,0
65.74,40,16,646.362,0
65.7811,34,5,700.178,0
65.9056,37,8,609.462,0
66.0346,41,11,719.341,0
66.0443,29,13,671.589,0
66.0903,39,24,716.515,0
66.2227,36,14,647.535,0
66.2359,39,22,600.865,0
66.4898,42,11,666.093,0
66.6853,38,18,678.556,0
66.7099,41,16,626.781,0
66.8003,43,11,602.422,0
66.8018,38,10,632.233,0
66.8156,36,17,647.892,0
66.861,38,8,633.234,0
67.1576,41,6,676.07,0
67.3675,40,22,722.464,0
67.4785,28,19,630.901,0
67.4791,30,13,705.146,0
67.6522,29,19,664.569,0
67.854,30,19,674.01,0
67.8542,37,14,715.861,0
68.0023,37,9,617.65,0
68.1383,31,19,705.675,0
68.1855,38,14,642.99,0
68.2392,39,10,601.24,0
68.2401,41,22,614.236,0
68.3421,42,22,663.603,0
68.3577,43,22,622.101,0
68.4589,40,10,695.091,0
68.5299,32,12,713.736,0
68.599,31,13,705.727,0
68.6669,33,12,721.23,0
68.7282,35,5,719.442,0
68.7395,37,17,710.088,0
68.7725,42,16,689.599,0
68.8396,26,23,672.026,0
68.8614,32,19,667.186,0
68.9476,40,24,638.534,0
68.9734,41,10,668.682,0
69.0075,27,23,610.118,0
69.0347,33,19,654.666,0
69.0739,33,15,711.762,0
69.1205,39,8,630.689,0
69.2073,36,5,705.529,0
69.2975,34,12,631.497,0
69.4216,37,5,671.805,0
69.4401,35,12,628.071,0
69.9175,31,20,685.433,0
70.0468,44,11,666.85,0
70.1027,38,17,728.145,0
70.1823,41,24,720.364,0
70.3169,44,22,627.463,0
70.4127,45,11,701.599,0
70.4344,36,12,668.196,0
70.6224,42,6,603.631,0
70.6705,45,22,663.669,0
70.7098,32,21,620.972,0
70.8654,43,16,602.009,0
70.9048,33,21,717.605,0
71.4747,44,16,626.873,0
71.7482,32,20,645.666,0
71.8059,46,22,680.305,0
72.0376,38,5,636.136,0
72.1535,32,13,648.746,0
72.7263,34,15,685.799,0
72.7331,34,19,699.605,0
72.8368,37,12,732.575,0
73.0222,40,8,707.183,0
73.0662,33,13,636.767,0
73.0769,39,14,681.113,0
73.1351,40,14,733.057,0
73.2744,38,9,671.119,0
73.3677,45,16,655.242,0
73.6217,34,13,726.166,0
73.8886,46,16,663.385,0
74.0767,39,5,693.418,0
74.1694,39,18,629.217,0
74.4882,42,24,605.901,0
74.5125,35,13,660.693,0
74.5328,41,14,684.434,0
74.6386,42,14,684.257,0
74.7327,28,23,601.98,0
74.7939,46,11,675.62,0
75.0267,35,15,622.259,0
75.105,42,10,646.87,0
75.1405,40,18,691.833,0
75.2202,36,13,683.458,0
75.2334,33,20,646.663,0
75.3569,34,20,607.175,0
75.4912,43,14,609.964,0
75.7264,29,23,673.238,0
75.7632,44,14,624.177,0
75.7917,36,15,679.95,0
75.7986,34,21,670.102,0
76.153,43,24,665.617,0
76.2341,30,23,725.716,0
76.2496,37,13,654.201,0
76.2817,39,7,612.924,0
76.4554,43,6,664.556,0
76.5352,45,14,622.274,0
76.5742,44,6,634.035,0
76.8648,38,12,673.962,0
77.0046,47,22,706.278,0
77.2401,47,16,676.958,0
77.4581,35,19,643.602,0
77.7042,35,20,716.348,0
77.8597,39,12,638.735,0
77.9056,41,8,610.265,0
77.9505,36,20,610.918,0
77.98,40,5,610.924,0
78.2235,47,11,627.369,0
78.321,36,19,705.917,0
78.3397,48,22,615.037,0
78.6152,38,13,615.911,0
78.7063,40,7,666.991,0
78.8377,40,12,616.547,0
78.9618,31,23,607.277,0
79.0938,41,12,723.402,0
79.1186,44,24,600.846,0
79.1754,48,16,630.855,0
79.2615,35,21,731.108,0
79.2656,41,18,606.508,0
79.3918,42,12,609.642,0
79.3994,39,17,607.391,0
79.4644,37,15,613.699,0
79.9048,37,19,677.769,0
80.1243,45,24,723.021,0
80.1518,43,12,682.42,0
80.2017,49,22,703.446,0
80.2039,50,22,619.84,0
80.2204,42,8,629.817,0
80.3555,42,18,684.15,0
80.5251,37,20,665.816,0
80.6696,41,7,723.076,0
80.7484,38,20,611.746,0
80.7778,36,21,680.704,0
80.7838,45,6,704.818,0
80.8118,32,23,624.193,0
80.9899,40,17,706.102,0
81.3146,43,18,659.409,0
81.4959,46,14,609.686,0
81.5275,44,12,720.206,0
81.6803,38,15,711.268,0
81.6908,39,13,649.947,0
81.7202,49,16,647.922,0
81.8718,47,14,608.897,0
81.8838,33,23,658.465,0
81.8949,43,8,680.401,0
81.9225,37,21,682.346,0
82.1295,42,7,661.514,0
82.1849,45,12,647.938,0
82.1992,48,11,644.439,0
82.2708,44,18,676.359,0
82.3265,39,15,679.721,0
82.3721,34,23,712.164,0
82.435,46,6,637.136,0
82.5146,40,13,668.85,0
82.6548,39,9,699.477,0
82.6788,39,21,633.333,0
82.7039,38,21,679.571,0
82.7404,38,19,730.137,0
82.7714,46,12,624.209,0
82.933,47,6,613.712,0
83.1081,41,5,610.161,0
83.152,41,17,630.664,0
83.2392,43,10,679.065,0
83.2875,46,24,639.302,0
83.6226,51,22,615.564,0
83.7094,35,23,664.529,0
83.8664,48,14,729.216,0
83.9097,44,8,729.826,0
84.1764,52,22,672.06,0
84.2914,48,6,702.481,0
84.3147,41,13,638.844,0
84.4073,40,21,642.298,0
84.7445,47,24,670.85,0
84.8298,42,17,728.284,0
85.023,43,7,713.067,0
85.092,50,16,710.592,0
85.1509,49,6,613.553,0
85.1623,36,23,664.535,0
85.1773,42,13,706.505,0
85.2886,43,17,672.83,0
85.4068,42,5,657.683,0
85.7149,44,10,673.142,0
85.7568,40,15,629.509,0
85.826,43,13,661.695,0
85.854,45,10,709.305,0
85.97,50,6,687.254,0
86.1485,49,14,678.376,0
86.3583,39,20,652.879,0
86.5817,40,20,655.096,0
86.6646,41,15,660.355,0
86.9245,46,10,647.898,0
86.9907,44,7,720.89,0
87.0332,37,23,619.469,0
87.1366,47,12,625.033,0
87.1656,51,6,681.123,0
87.4226,50,14,644.597,0
87.4721,47,10,708.401,0
87.4815,52,6,615.185,0
87.5006,40,9,696.365,0
87.5682,42,15,622.31,0
87.8902,44,17,618.022,0
87.9144,41,21,643.223,0
87.9203,53,22,654.308,0
88.0535,45,8,698.89,0
88.1761,43,5,717.904,0
88.1836,41,20,605.869,0
88.3131,44,5,712.854,0
88.8309,46,8,642.871,0
88.8755,42,21,607.839,0
88.9134,39,19,625.732,0
88.937,43,15,681.694,0
89.0574,54,22,628.9,0
89.1505,51,14,693.318,0
89.2131,53,6,725.056,0
89.2517,45,5,703.401,0
89.2807,46,5,660.49,0
89.3245,55,22,614.012,0
89.3976,51,16,612.949,0
89.4158,45,7,630.085,0
89.8411,49,24,659.864,0
89.8426,48,24,732.033,0
90.1686,50,24,607.795,0
90.1755,41,9,729.136,0
90.249,47,5,681.737,0
90.2505,42,20,627.486,0
90.2552,49,11,667.501,0
90.3804,40,19,679.994,0
90.6026,48,5,631.396,0
90.6934,56,22,613.377,0
90.7114,47,8,628.907,0
90.7846,52,14,658.914,0
90.8537,41,19,680.885,0
90.9052,48,12,606.251,0
91.2418,45,17,671.331,0
91.3961,46,7,625.975,0
91.5777,44,13,723.282,0
91.6153,49,5,624.802,0
91.8156,47,7,684.568,0
91.9159,49,12,627.466,0
91.9287,43,21,704.146,0
92.0208,43,20,719.804,0
92.0532,57,22,647.66,0
92.1259,48,8,615.21,0
92.3652,44,20,601.525,0
92.4669,44,15,615.807,0
92.665,45,20,693.873,0
92.9444,46,20,723.454,0
92.9767,54,6,703.572,0
93.2851,50,12,731.952,0
93.4172,44,21,629.492,0
93.4439,45,13,691.392,0
93.473,55,6,714.425,0
93.6378,46,17,662.501,0
93.8026,45,21,701.96,0
93.8179,38,23,636.758,0
93.8512,42,9,611.282,0
93.9248,56,6,682.686,0
94.1058,43,9,705.099,0
94.1302,50,11,680.982,0
94.1765,58,22,604.038,0
94.2852,47,20,733.162,0
94.2876,49,8,695.439,0
94.3193,48,7,604.296,0
94.5108,46,21,601.968,0
94.5114,59,22,685.646,0
94.5144,45,15,670.991,0
94.6001,46,15,685.956,0
94.7951,51,12,713.137,0
94.8533,60,22,731.663,0
94.9318,45,18,673.49,0
95.0224,39,23,652.733,0
95.0381,51,24,682.248,0
95.0468,44,9,641.741,0
95.0958,49,7,650.623,0
95.3741,50,5,600.324,0
95.4006,46,13,696.383,0
95.4078,52,16,664.498,0
95.4193,53,16,658.51,0
95.4752,45,9,646.765,0
95.4893,51,11,722.239,0
95.7904,57,6,649.484,0
95.89,40,23,690.802,0
95.8995,48,20,647.458,0
95.9948,52,12,657.775,0
96.1663,46,9,690.165,0
96.188,42,19,686.649,0
96.3283,54,16,657.313,0
96.3589,53,14,644.053,0
96.3699,50,8,662.015,0
96.5091,51,5,718.885,0
96.5498,52,11,707.411,0
96.8748,48,10,725.502,0
96.9091,47,17,602.371,0
96.9944,47,9,629.904,0
97.027,50,7,710.446,0
97.0368,51,7,652.011,0
97.2772,47,13,661.628,0
97.2991,46,18,659.654,0
97.3085,52,7,709.157,0
97.4348,48,9,728.478,0
97.484,47,15,731.04,0
97.547,43,19,636.893,0
98.2181,41,23,679.75,0
98.2427,54,14,696.496,0
98.3069,58,6,628.509,0
98.3258,51,8,659.217,0
98.3448,55,14,687.477,0
98.4622,55,16,631.253,0
98.5731,48,15,696.159,0
98.6827,56,14,691.538,0
98.6853,61,22,678.163,0
98.8427,52,5,619.794,0
98.8613,56,16,654.677,0
99.1256,57,16,681.306,0
99.268,49,20,665.527,0
99.2859,62,22,667.113,0
99.3043,47,21,625.523,0
99.382,59,6,686.476,0
99.4638,53,12,606.223,0
99.5002,48,17,713.188,0
99.5314,53,7,645.442,0
99.74,47,18,683.657,0
99.8141,52,24,681.68,0
99.8943,53,24,605.894,0
100.235,48,18,665.996,0
100.464,53,11,698.259,0
100.559,63,22,672.353,0
100.836,49,15,720.825,0
100.842,50,20,662.737,0
100.895,49,10,636.537,0
100.905,42,23,619.84,0
100.919,54,24,667.773,0
100.961,55,24,604.533,0
100.997,58,16,646.915,0
101.071,49,9,618.077,0
101.343,57,14,630.819,0
101.375,59,16,723.351,0
101.502,44,19,634.122,0
101.551,50,15,721.376,0
101.862,54,7,695.099,0
101.999,52,8,633.28,0
102.102,60,16,656.82,0
102.182,55,7,618.712,0
102.43,45,19,639.787,0
102.446,61,16,651.858,0
102.547,51,15,673.202,0
102.618,56,24,619.431,0
102.685,51,20,606.563,0
102.728,43,23,616.986,0
102.756,58,14,644.128,0
102.815,50,10,652.648,0
102.841,60,6,661.097,0
102.894,50,9,665.915,0
102.989,54,11,654.664,0
102.996,49,17,612.69,0
102.996,46,19,603.784,0
103.066,52,20,715.799,0
103.081,48,21,619.668,0
103.156,49,21,630.669,0
103.391,56,7,640.221,0
103.396,50,21,642.21,0
103.502,53,5,604.486,0
103.542,47,19,627.762,0
103.56,49,18,603.728,0
103.658,50,18,688.825,0
103.874,61,6,647.179,0
103.989,55,11,609.004,0
104.074,48,19,715.187,0
104.22,62,6,684.929,0
104.265,54,12,627.294,0
104.269,52,15,703.643,0
104.361,51,9,626.851,0
104.49,53,20,677.279,0
104.656,44,23,611.197,0
104.685,48,13,683.495,0
104.721,45,23,624.495,0
104.845,52,9,724.439,0
105.074,62,16,725.346,0
105.148,53,15,722.162,0
105.363,59,14,665.473,0
105.385,51,18,697.838,0
105.421,57,24,608.214,0
105.507,53,8,724.647,0
105.605,54,20,661.677,0
105.675,49,13,650.185,0
105.679,63,16,727.786,0
105.935,64,22,689.039,0
105.955,50,17,681.258,0
106.016,51,10,618.075,0
106.201,58,24,691.996,0
106.787,49,19,657.075,0
106.888,55,12,641.869,0
106.899,57,7,634.777,0
107.018,65,22,708.723,0
107.189,52,10,646.764,0
107.348,54,8,643.928,0
107.441,51,17,646.46,0
107.539,55,20,718.722,0
107.859,56,11,622.631,0
107.933,59,24,665.335,0
108.212,58,7,709.1,0
108.28,54,15,607.93,0
108.289,50,19,621.266,0
108.365,64,16,698.236,0
108.463,63,6,618.075,0
108.557,57,11,620.89,0
108.762,55,8,621.578,0
109.001,56,20,688.157,0
109.164,59,7,642.786,0
109.251,64,6,648.769,0
109.293,58,11,678.489,0
109.297,65,16,620.722,0
109.447,46,23,678.031,0
109.511,60,7,655.236,0
109.526,47,23,665.22,0
109.663,53,10,667.428,0
109.73,66,22,659.636,0
109.739,54,10,619.104,0
109.818,52,17,671.599,0
109.914,50,13,646.255,0
109.937,51,21,665.562,0
109.998,60,14,632.244,0
110.105,55,10,643.097,0
110.246,55,15,622.733,0
110.378,51,13,712.03,0
110.737,56,15,667.179,0
110.75,60,24,610.953,0
110.881,61,24,619.229,0
110.886,54,5,726.979,0
110.95,55,5,632.823,0
111.018,52,18,618.074,0
111.311,53,18,725.419,0
111.329,52,13,612.299,0
111.335,57,20,601.924,0
111.342,66,16,681.435,0
111.368,62,24,650.389,0
111.652,52,21,610.816,0
111.811,56,10,674.921,0
111.852,67,22,682.401,0
111.871,54,18,706.313,0
111.944,68,22,709.193,0
112.013,69,22,682.378,0
112.055,57,15,612.378,0
112.08,53,9,693.057,0
112.529,53,17,685.783,0
112.552,51,19,600.95,0
112.702,56,8,722.089,0
112.745,54,17,715.07,0
112.839,58,20,638.355,0
112.976,55,18,702.166,0
113.063,53,21,667.973,0
113.174,55,17,645.969,0
113.38,56,18,730.583,0
113.387,56,12,658.696,0
113.398,56,17,730.758,0
113.421,57,5,612.804,0
113.481,56,5,708.85,0
113.507,53,13,659.556,0
113.53,59,20,660.727,0
113.545,57,8,656.339,0
113.598,58,8,606.105,0
113.629,58,15,673.771,0
113.719,60,20,696.643,0
113.772,57,10,633.514,0
113.783,65,6,678.67,0
113.983,70,22,655.757,0
114.037,59,11,612.33,0
114.074,71,22,631.619,0
114.482,57,12,673.733,0
114.576,57,18,650.705,0
114.635,59,15,728.021,0
114.682,57,17,707.404,0
114.752,60,15,646.803,0
114.805,60,11,665.283,0
115.309,58,12,619.377,0
115.317,58,5,700.621,0
115.363,48,23,696.931,0
115.397,59,8,653.458,0
115.676,72,22,671.011,0
115.785,59,12,705.834,0
115.826,67,16,702.625,0
115.956,49,23,683.25,0
115.96,54,9,697.94,0
116.011,54,21,699.487,0
116.181,58,10,672.388,0
116.254,73,22,634.764,0
116.313,61,15,644.938,0
116.316,58,17,629.976,0
116.58,59,5,626.072,0
116.707,59,10,604.489,0
116.711,52,19,693.981,0
116.819,50,23,698.143,0
116.857,55,9,686.541,0
116.864,59,17,684.541,0
117.044,55,21,633.22,0
117.082,68,16,642.718,0
117.099,60,12,614.76,0
117.154,61,20,706.784,0
117.179,69,16,723,0
117.318,61,12,629.211,0
117.382,63,24,615.261,0
117.43,61,7,716.461,0
117.433,53,19,712.316,0
117.559,56,9,620.1,0
117.666,62,20,671.975,0
117.72,51,23,719.235,0
117.737,60,10,691.512,0
117.83,64,24,656.463,0
117.89,60,5,631.611,0
117.898,66,6,719.712,0
117.93,67,6,637.787,0
117.947,65,24,677.175,0
118.054,66,24,677.335,0
118.167,63,20,602.807,0
118.189,56,21,710.227,0
118.254,70,16,641.177,0
118.32,61,11,678.446,0
118.328,62,15,644.248,0
118.347,74,22,670.314,0
118.518,68,6,681.452,0
118.657,57,21,718.274,0
118.677,60,8,727.645,0
118.71,61,10,611.439,0
118.725,62,12,631.708,0
118.899,61,14,706.322,0
118.999,71,16,640.998,0
119.014,61,5,733.175,0
119.074,63,12,731.252,0
119.525,57,9,634.046,0
119.573,58,18,609.938,0
119.61,61,8,661.207,0
119.649,62,14,677.262,0
119.871,62,7,683.724,0
119.909,62,8,658.73,0
119.934,60,17,689.476,0
119.976,62,10,644.278,0
120.157,58,21,658.177,0
120.235,65,20,653.602,0
120.253,59,21,605.569,0
120.265,64,20,694.571,0
120.315,67,24,645.764,0
120.321,63,7,714.698,0
120.39,62,11,733.326,0
120.414,63,11,676.454,0
120.504,61,17,674.022,0
120.7,63,14,641.734,0
120.858,66,20,601.775,0
120.91,64,14,695.752,0
121.117,52,23,676.682,0
121.155,75,22,654.81,0
121.194,63,15,616.863,0
121.268,68,24,631.621,0
121.457,64,7,611.683,0
121.834,63,8,617.914,0
121.942,62,5,671.6,0
121.985,67,20,633.329,0
122.111,59,18,624.895,0
122.167,69,6,617.39,0
122.211,69,24,605.241,0
122.252,64,11,676.286,0
122.376,70,6,678.524,0
122.556,53,23,689.047,0
122.76,60,21,636.338,0
123.093,70,24,658.996,0
123.154,71,6,621.138,0
123.395,54,23,731.598,0
123.894,63,5,672.149,0
123.98,72,16,731.891,0
124.103,61,21,694.005,0
124.11,65,11,682.555,0
124.274,68,20,649.927,0
124.557,72,6,702.616,0
124.589,76,22,655.591,0
124.863,77,22,639.801,0
125.009,54,13,612.71,0
125.184,64,15,711.222,0
125.3,73,6,643.219,0
125.318,71,24,661.487,0
125.366,64,5,670.549,0
125.423,69,20,647.354,0
125.633,55,19,702.376,0
125.768,58,9,677.636,0
125.843,72,24,680.367,0
126.013,55,13,657.54,0
126.33,66,11,654.932,0
126.54,62,17,635.006,0
126.553,73,16,717.915,0
126.636,59,9,697.41,0
126.745,60,9,611.374,0
127.175,78,22,717.795,0
127.223,63,17,673.338,0
127.246,70,20,638.212,0
127.258,61,9,684.126,0
127.267,60,18,725.375,0
127.296,73,24,617.067,0
127.302,67,11,613.861,0
127.42,62,21,669.467,0
127.452,79,22,604.084,0
127.467,74,16,627.165,0
127.472,64,12,695.489,0
127.523,63,21,639.401,0
127.684,65,17,612.635,0
127.7,64,17,644.419,0
127.868,65,12,651.875,0
127.871,75,16,601.308,0
127.878,64,8,730.641,0
127.992,65,5,718.011,0
128.021,68,11,673.18,0
128.21,65,8,724.007,0
128.544,65,14,680.902,0
128.624,65,7,711.013,0
128.629,55,23,609.161,0
128.79,66,14,692.532,0
128.849,66,5,630.037,0
128.86,76,16,631.826,0
128.863,67,14,719.447,0
128.936,74,6,718.028,0
128.955,63,10,711.464,0
128.988,77,16,676.048,0
129.209,74,24,680.784,0
129.377,66,7,716.798,0
129.478,66,12,644.486,0
129.486,56,23,621.396,0
129.594,64,10,686.276,0
129.651,66,8,623.975,0
129.837,69,11,724.133,0
129.983,65,10,648.413,0
129.983,67,7,670.683,0
130.036,64,21,620.97,0
130.075,70,11,682.538,0
130.497,71,20,601.546,0
130.762,72,20,724.556,0
130.886,68,14,704.724,0
131.053,80,22,716.986,0
131.18,81,22,650.038,0
131.597,75,6,654.915,0
131.805,76,6,685.19,0
131.9,61,18,712.612,0
132.014,62,9,696.062,0
132.037,65,15,679.815,0
132.052,56,13,650.765,0
132.353,82,22,670.339,0
132.397,75,24,678.343,0
132.444,67,12,708.347,0
132.457,76,24,706.266,0
132.546,56,19,682.173,0
132.586,67,5,646.185,0
132.695,68,12,701.642,0
132.851,78,16,615.196,0
132.877,65,21,627.788,0
132.908,66,10,698.124,0
133.03,63,9,679.416,0
133.041,69,14,622.005,0
133.163,67,8,637.729,0
133.391,68,5,712.528,0
133.536,77,6,613.886,0
133.543,57,19,710.372,0
133.628,57,23,732.409,0
133.646,71,11,685.896,0
133.772,69,5,604.668,0
133.933,69,12,638.587,0
134.055,83,22,679.063,0
134.06,79,16,703.38,0
134.272,72,11,669.881,0
134.481,66,17,633.015,0
134.503,68,8,616.01,0
134.587,62,18,726.234,0
134.646,84,22,707.397,0
134.825,67,17,635.404,0
134.888,64,9,655.879,0
134.896,67,10,694.787,0
134.922,78,6,686.629,0
134.946,73,20,723.162,0
134.975,68,7,714.848,0
135.359,58,19,685.938,0
135.398,70,14,696.897,0
135.412,59,19,680.344,0
135.599,73,11,678.25,0
135.763,69,7,603.752,0
135.792,70,12,714.626,0
135.809,63,18,669.665,0
135.827,66,15,703.862,0
135.95,66,21,639.998,0
136.024,65,9,701.343,0
136.097,64,18,647.793,0
136.133,70,5,614.92,0
136.147,58,23,718.336,0
136.365,69,8,720.978,0
136.467,60,19,614.434,0
136.616,71,12,730.715,0
136.682,70,8,628.602,0
136.827,68,10,634.494,0
136.99,65,18,648.624,0
137.011,67,15,632.179,0
137.158,85,22,627.698,0
137.208,71,5,677.315,0
137.301,59,23,665.172,0
137.316,69,10,602.963,0
137.492,72,5,606.835,0
137.526,74,20,663.014,0
137.541,70,7,673.419,0
137.638,71,7,671.701,0
137.874,77,24,635.241,0
137.976,86,22,696.872,0
138.005,57,13,602.032,0
138.072,80,16,708.234,0
138.424,58,13,652.95,0
138.524,79,6,602.702,0
138.626,75,20,706.821,0
138.645,78,24,612.554,0
138.793,67,21,636.183,0
138.955,70,10,608.326,0
139.471,60,23,654.707,0
139.473,71,14,601.088,0
139.632,61,23,606.865,0
139.647,59,13,660.583,0
139.669,81,16,638.064,0
139.789,68,15,665.533,0
139.832,67,18,717.942,0
139.983,66,9,704.544,0
140.304,68,17,601.148,0
140.49,87,22,638.723,0
140.536,60,13,638.956,0
140.553,72,7,643.313,0
140.575,74,11,700.264,0
140.593,68,18,640.844,0
140.616,75,11,723.183,0
140.776,82,16,732.14,0
140.793,79,24,681.074,0
140.934,69,17,678.584,0
140.952,61,13,723.594,0
140.981,62,23,730.343,0
141.031,76,11,703.761,0
141.153,61,19,667.247,0
141.337,83,16,600.183,0
141.352,73,7,679.534,0
141.446,77,11,659.778,0
141.552,63,23,692.662,0
141.649,72,12,726.601,0
141.665,80,6,624.544,0
141.719,64,23,722.926,0
141.975,62,13,692.441,0
141.996,62,19,702.762,0
142.023,71,10,710.85,0
142.32,74,7,628.115,0
142.825,63,19,615.809,0
142.87,70,17,642.965,0
142.899,84,16,628.981,0
142.902,69,15,676.608,0
143.03,64,19,643.216,0
143.369,75,7,638.575,0
143.478,85,16,625.274,0
143.558,65,23,666.131,0
143.63,67,9,621.659,0
143.701,88,22,626.667,0
143.737,73,5,650.373,0
143.836,78,11,637.902,0
143.978,65,19,730.846,0
144.089,89,22,705.629,0
144.096,79,11,686.619,0
144.108,76,20,704.986,0
144.17,68,9,688.342,0
144.323,69,9,677.284,0
144.378,66,23,696.006,0
144.435,71,17,632.789,0
144.47,67,23,626.076,0
144.505,86,16,639.514,0
144.746,69,18,719.577,0
144.892,70,15,641.103,0
144.955,81,6,731.7,0
144.968,71,8,619.768,0
145.051,82,6,640.676,0
145.089,72,10,618.095,0
145.104,70,18,726.047,0
145.4,72,14,689.579,0
145.441,63,13,639.836,0
145.544,71,15,600.942,0
145.564,68,21,658.307,0
145.818,87,16,706.661,0
145.968,76,7,701.088,0
146.12,80,24,626.354,0
146.177,64,13,660.303,0
146.19,71,18,649.356,0
146.303,68,23,621.794,0
146.394,69,21,684.805,0
146.567,69,23,677.015,0
146.586,73,14,601.203,0
146.621,70,9,650.371,0
146.702,74,5,716.262,0
146.714,75,5,717.773,0
146.717,74,14,615.478,0
146.835,78,7,627.783,0
146.85,77,7,687.819,0
147.016,72,18,723.363,0
147.379,79,7,608.721,0
147.452,73,18,615.644,0
147.525,77,20,620.334,0
147.531,65,13,669.215,0
147.595,73,12,614.142,0
147.69,72,17,642.01,0
147.798,66,19,720.59,0
147.931,81,24,721.588,0
148.185,72,8,672.843,0
148.232,80,7,601.699,0
148.339,66,13,685.764,0
148.43,83,6,662.405,0
148.467,73,10,675.735,0
148.646,72,15,688.416,0
148.67,74,10,709.022,0
148.736,76,5,674.981,0
148.795,71,9,629.42,0
148.936,88,16,686.787,0
148.955,75,14,677.274,0
149.002,81,7,724.168,0
149.113,76,14,678.793,0
149.604,73,17,638.122,0
149.64,89,16,687.081,0
149.907,74,18,698.923,0
149.947,75,10,681.063,0
150.032,77,14,707.412,0
150.033,72,9,666.023,0
150.115,74,17,727.626,0
150.204,78,14,716.399,0
150.237,82,24,680.376,0
150.484,79,14,636.631,0
150.593,90,16,716.499,0
150.658,67,19,672.163,0
150.675,67,13,667.416,0
150.699,68,19,600.318,0
150.73,82,7,611.223,0
150.76,80,11,646.134,0
150.788,80,14,671.957,0
150.841,81,14,642.438,0
150.952,83,7,620.794,0
151.005,84,7,657.35,0
151.008,69,19,703.321,0
151.029,75,18,675.493,0
151.04,70,21,661.379,0
151.074,76,18,692.94,0
151.158,83,24,664.387,0
151.459,75,17,703.877,0
151.492,70,23,672.598,0
151.515,76,17,605.249,0
151.635,77,17,698.01,0
151.888,84,24,625.647,0
151.941,78,20,694.232,0
152.005,77,18,624.17,0
152.186,90,22,718.398,0
152.223,78,18,686.541,0
152.339,84,6,637.972,0
152.422,85,24,671.092,0
152.432,85,7,632.388,0
152.528,91,22,694.675,0
152.576,79,20,650.275,0
152.779,91,16,640.2,0
152.853,86,24,668.692,0
152.921,74,12,620.444,0
152.985,92,22,618.807,0
153.027,73,15,623.713,0
153.036,78,17,656.942,0
153.057,79,18,667.587,0
153.105,86,7,713.898,0
153.281,92,16,661.913,0
153.564,80,18,607.648,0
153.729,93,22,675.754,0
153.842,77,5,651.479,0
153.986,73,9,689.874,0
154.4,78,5,720.885,0
154.626,68,13,659.061,0
154.709,85,6,633.845,0
154.856,71,23,662.511,0
154.862,74,9,650.625,0
154.943,74,15,677.559,0
154.993,75,12,640.598,0
155.004,72,23,728.412,0
155.043,87,7,696.56,0
155.197,72,21,630.033,0
155.204,81,11,689.648,0
155.248,71,21,711.205,0
155.364,82,14,647.372,0
155.383,75,15,700.316,0
155.414,79,17,607.098,0
155.55,82,11,633.839,0
155.551,79,5,701.246,0
155.555,80,17,608.163,0
155.713,93,16,725.637,0
156.189,80,20,670,0
156.349,87,24,667.19,0
156.464,88,24,687.849,0
156.59,73,8,624.021,0
156.594,88,7,668.693,0
156.648,94,16,607.41,0
156.689,76,12,691.155,0
156.799,76,10,680.296,0
156.867,74,8,664.22,0
156.888,76,15,712.076,0
156.918,77,12,708.89,0
156.943,81,20,707.938,0
157.032,81,17,678.985,0
157.033,70,19,637.429,0
157.034,73,23,662.215,0
157.332,89,24,722.245,0
157.49,75,9,710.756,0
158.024,71,19,690.099,0
158.231,89,7,614.174,0
158.45,86,6,622.557,0
158.621,81,18,694.428,0
158.7,76,9,680.493,0
158.704,87,6,656.581,0
158.891,90,7,715.396,0
158.955,83,14,682.327,0
159.024,73,21,712.257,0
159.029,95,16,622.554,0
159.152,74,23,602.293,0
159.335,82,20,707.253,0
159.524,80,5,638.844,0
159.576,88,6,708.219,0
159.616,82,17,631.643,0
159.625,89,6,605.659,0
159.768,94,22,660.287,0
159.811,75,8,608.676,0
159.881,96,16,618.891,0
160.257,76,8,632.978,0
160.363,81,5,632.279,0
160.688,83,11,676.648,0
160.922,75,23,618.569,0
161.076,90,6,609.959,0
161.096,77,9,653.356,0
161.137,82,5,601.721,0
161.174,84,14,654.793,0
161.402,97,16,620.916,0
161.649,69,13,718.558,0
161.8,84,11,704.634,0
161.927,74,21,716.784,0
161.933,91,6,728.889,0
161.936,83,17,604.952,0
161.958,72,19,640.419,0
162.173,92,6,674.246,0
162.23,77,10,665.791,0
162.259,73,19,712.223,0
162.359,91,7,607.609,0
162.45,85,14,654.909,0
162.559,77,15,652.664,0
162.809,93,6,624.542,0
162.824,77,8,720.605,0
162.869,95,22,708.061,0
162.927,74,19,659.635,0
163.026,83,5,721.551,0
163.053,84,5,624.561,0
163.068,90,24,682.987,0
163.07,76,23,666.49,0
163.229,83,20,617.151,0
163.285,78,12,650.985,0
163.303,78,9,707.276,0
163.535,78,10,648.845,0
163.563,84,17,652.956,0
163.603,96,22,624.432,0
163.809,94,6,732.993,0
164.133,84,20,600.107,0
164.185,77,23,672.427,0
164.254,91,24,633.116,0
164.37,82,18,606.031,0
164.68,98,16,706.817,0
164.686,85,17,632.055,0
164.766,92,24,656.144,0
165.023,92,7,689.009,0
165.042,97,22,625.449,0
165.084,85,20,620.565,0
165.306,78,15,653.45,0
165.596,95,6,665.133,0
165.6,93,24,713.759,0
165.728,70,13,605.696,0
165.745,79,9,725.74,0
165.766,78,23,674.658,0
166.131,79,10,622.796,0
166.132,99,16,660.514,0
166.235,93,7,710.118,0
166.274,79,15,621.567,0
166.276,85,11,636.148,0
166.325,80,15,638.499,0
166.371,86,20,707.728,0
166.545,78,8,641.991,0
166.59,86,17,653.515,0
166.66,79,8,608.086,0
166.77,80,10,639.368,0
166.8,96,6,676.258,0
166.817,75,19,648.764,0
166.868,83,18,628.332,0
166.908,87,17,633.118,0
166.968,88,17,613.972,0
167.201,89,17,690.254,0
167.339,94,24,676.027,0
167.342,86,14,666.894,0
167.347,98,22,718.028,0
167.417,84,18,708.672,0
167.454,87,14,684.503,0
167.561,99,22,629.668,0
167.662,97,6,617.103,0
167.784,85,18,611.263,0
167.962,76,19,719.261,0
167.982,80,9,614.52,0
168.038,88,14,678.316,0
168.075,98,6,683.005,0
168.146,77,19,669.887,0
168.166,81,15,635.816,0
168.321,90,17,691.923,0
168.372,81,9,656.968,0
168.392,87,20,644.645,0
168.465,100,16,619.869,0
168.485,89,14,658.972,0
168.654,79,23,659.515,0
168.72,100,22,703.126,0
168.801,80,23,660.114,0
168.813,82,9,721.431,0
168.815,81,10,618.649,0
168.833,82,15,687.994,0
168.905,75,21,615.695,0
168.916,78,19,644.741,0
169.51,71,13,640.332,0
169.657,83,15,656.083,0
169.753,83,9,698.703,0
169.789,79,12,716.252,0
169.822,86,11,634.42,0
169.87,80,12,614.648,0
169.879,101,22,689.47,0
169.93,86,18,690.354,0
170.008,84,15,611.002,0
170.052,95,24,723.992,0
170.098,90,14,610.284,0
170.127,87,11,602.605,0
170.274,79,19,664.324,0
170.403,87,18,604.995,0
170.43,99,6,645.905,0
170.465,91,14,614.133,0
170.58,94,7,607.605,0
170.707,85,15,694.913,0
170.797,80,19,720.206,0
170.955,72,13,660.745,0
171.103,101,16,625.613,0
171.158,102,22,600.899,0
171.233,100,6,666.83,0
171.322,88,18,702.177,0
171.401,96,24,654.004,0
171.45,84,9,732.231,0
171.779,95,7,629.573,0
171.785,103,22,661.485,0
171.789,88,20,716.87,0
171.859,86,15,645.491,0
171.982,96,7,659.516,0
172.024,91,17,641.972,0
172.14,82,10,703.592,0
172.19,101,6,724.466,0
172.218,87,15,604.681,0
172.264,81,23,696.091,0
172.573,88,11,639.753,0
172.665,73,13,620.846,0
172.682,89,11,726.729,0
172.745,81,12,703.232,0
172.776,97,24,689.122,0
172.903,85,5,604.852,0
173.083,104,22,613.506,0
173.131,88,15,728.595,0
173.244,85,9,674.008,0
173.335,92,17,605.656,0
173.413,81,19,709.634,0
173.447,82,12,663.857,0
173.464,92,14,717.02,0
173.524,105,22,643.128,0
173.542,86,5,692.515,0
173.555,76,21,695.142,0
173.565,83,12,642.512,0
173.682,89,18,699.394,0
173.768,74,13,620.511,0
173.805,90,11,684.1,0
174.059,80,8,683.668,0
174.147,93,17,713.779,0
174.151,102,16,695.547,0
174.294,82,19,633.848,0
174.343,98,24,691.552,0
174.628,89,15,633.525,0
175.006,82,23,625.68,0
175.181,83,23,731.49,0
175.241,99,24,643.991,0
175.454,89,20,697.142,0
175.664,90,15,613.721,0
176.054,81,8,641.135,0
176.065,77,21,673.917,0
176.071,100,24,626.661,0
176.25,84,12,660.737,0
176.454,85,12,705.514,0
176.635,101,24,613.235,0
176.773,91,11,650.217,0
176.844,102,24,618.933,0
176.848,97,7,643.088,0
176.86,103,6,605.296,0
176.863,102,6,665.089,0
176.928,87,5,638.924,0
176.981,106,22,665.145,0
176.986,90,18,637.044,0
177.165,93,14,673.633,0
177.192,103,16,694.608,0
177.366,104,6,619.532,0
177.378,104,16,698.47,0
177.566,75,13,667.7,0
177.969,76,13,637.866,0
177.985,90,20,627.526,0
178.111,94,17,694.421,0
178.294,84,23,683.795,0
178.362,105,16,723.114,0
178.397,83,19,681.094,0
178.475,95,17,705.94,0
178.579,86,9,687.667,0
178.709,91,18,630.272,0
178.842,77,13,713.738,0
178.877,78,13,675.796,0
178.931,105,6,686.554,0
179.036,88,5,680.357,0
179.131,86,12,684.231,0
179.182,84,19,601.914,0
179.23,79,13,721.743,0
179.328,107,22,662.286,0
179.445,83,10,648.81,0
179.941,85,23,729.748,0
180.001,87,12,715.121,0
180.032,91,15,616.448,0
180.315,92,11,719.772,0
180.422,89,5,600.039,0
180.496,96,17,721.431,0
180.573,103,24,726.793,0
180.684,107,6,651.735,0
180.702,106,6,702.11,0
180.818,104,24,688.466,0
181,91,20,699.296,0
181.095,106,16,646.992,0
181.345,92,15,698.443,0
181.369,108,6,664.49,0
181.493,80,13,630.524,0
181.585,90,5,625.504,0
181.632,109,6,661.534,0
181.713,78,21,600.539,0
181.717,85,19,696.372,0
181.719,92,18,662.153,0
181.752,94,18,602.066,0
181.859,93,18,714.774,0
181.873,97,17,676.602,0
181.887,105,24,701.679,0
181.894,86,19,692.934,0
181.911,93,15,653.058,0
182.136,94,14,705.422,0
182.144,98,17,663.19,0
182.427,88,12,706.719,0
182.563,87,19,622.009,0
182.689,81,13,730.509,0
182.698,95,14,710.419,0
182.839,98,7,600.835,0
183.008,87,9,684.602,0
183.203,92,20,620.187,0
183.395,108,22,709.844,0
183.438,93,11,721.723,0
183.489,99,7,642.976,0
183.656,96,14,720.808,0
183.705,100,7,604.493,0
183.807,82,13,651.821,0
183.95,94,15,703.811,0
184.128,83,13,698.332,0
184.563,106,24,707.945,0
184.818,86,23,729.528,0
184.985,101,7,673.292,0
185.066,109,22,675.393,0
185.234,89,12,635.485,0
185.581,84,13,655.345,0
185.639,85,13,664.64,0
185.763,82,8,678.167,0
185.783,79,21,665.78,0
185.959,91,5,669.983,0
186.116,94,11,681.012,0
186.395,87,23,725.731,0
186.421,110,22,706.496,0
186.499,97,14,605.024,0
186.7,80,21,629.312,0
186.779,107,24,665.57,0
187.048,92,5,701.442,0
187.236,93,20,693.381,0
187.429,108,24,705.533,0
187.471,88,19,706.912,0
187.688,109,24,696.747,0
187.698,94,20,659.984,0
187.724,95,15,706.781,0
187.758,95,20,615.587,0
187.806,83,8,701.581,0
187.88,95,18,638.694,0
187.979,84,8,712.553,0
188.06,96,18,641.5,0
188.064,81,21,673.71,0
188.079,102,7,663.306,0
188.105,96,20,732.633,0
188.107,84,10,607.985,0
188.161,88,23,689.409,0
188.39,96,15,701.728,0
188.521,88,9,680.181,0
188.532,111,22,655.85,0
188.542,93,5,686.093,0
188.663,86,13,698.445,0
188.745,89,9,675.163,0
188.765,87,13,713.932,0
188.932,88,13,687.468,0
188.943,97,20,632.779,0
188.967,89,23,676.478,0
189.1,95,11,684.747,0
189.194,107,16,619.326,0
189.362,90,23,622.63,0
189.439,112,22,685.509,0
189.477,95,5,616.403,0
189.506,94,5,661.59,0
189.783,82,21,674.206,0
189.931,103,7,628.472,0
190.001,99,17,619.744,0
190.123,85,10,668.208,0
190.194,98,20,656.218,0
190.41,110,6,731.988,0
190.464,85,8,611.817,0
190.47,98,14,672.893,0
190.488,83,21,666.183,0
190.674,100,17,698.409,0
190.735,104,7,696.44,0
191.482,91,23,667.341,0
191.737,84,21,651.102,0
191.81,113,22,718.436,0
191.868,86,10,716.123,0
192.208,97,15,683.21,0
192.233,87,10,619.058,0
192.319,97,18,708.514,0
192.383,96,11,717.147,0
192.491,108,16,635.244,0
192.572,101,17,626.03,0
192.795,110,24,699.592,0
193,89,19,643.36,0
193.017,111,24,689.647,0
193.083,98,15,668.052,0
193.105,97,11,713.626,0
193.219,109,16,652.087,0
193.555,99,14,701.363,0
193.934,105,7,622.451,0
194.043,90,9,718.477,0
194.104,114,22,665.085,0
194.193,99,15,662.035,0
194.236,98,18,649.511,0
194.283,85,21,703.741,0
194.289,86,8,668.116,0
194.324,100,14,697.896,0
194.43,91,9,688.507,0
194.535,106,7,603.489,0
194.611,96,5,716.424,0
194.66,97,5,724.202,0
194.721,92,23,600.305,0
194.749,98,11,652.102,0
194.751,115,22,729.053,0
194.793,112,24,732.731,0
195.189,90,19,725.238,0
195.226,99,18,694.031,0
195.284,110,16,665.025,0
195.468,100,18,674.72,0
195.503,111,16,728.493,0
195.829,113,24,703.764,0
195.958,88,10,647.044,0
196.06,87,8,664.485,0
196.074,92,9,635.137,0
196.176,93,9,660.73,0
196.569,99,11,703.603,0
196.647,93,23,730.514,0
196.729,99,20,639.05,0
196.738,100,11,632.636,0
196.765,94,23,620.491,0
196.805,100,20,627.713,0
196.826,86,21,657.612,0
196.829,94,9,625.221,0
196.846,101,14,658.226,0
196.885,98,5,606.426,0
197.17,114,24,709.752,0
197.225,95,23,666.144,0
197.278,101,18,661.867,0
197.343,95,9,625.16,0
197.424,87,21,691.508,0
197.45,111,6,720.275,0
197.471,112,16,619.217,0
197.67,99,5,680.934,0
197.686,96,23,633.926,0
197.824,90,12,654.026,0
197.849,107,7,616.679,0
197.911,112,6,709.727,0
198.232,88,21,672.189,0
198.626,97,23,689.421,0
198.973,91,19,647.108,0
199.046,102,17,668.3,0
199.085,102,18,729.736,0
199.105,103,18,713.979,0
199.205,89,13,650.149,0
199.403,91,12,613.061,0
199.471,104,18,650.924,0
199.515,96,9,711.891,0
199.546,103,17,660.87,0
199.595,105,18,631.68,0
199.615,102,14,700.801,0
199.709,106,18,728.075,0
199.757,103,14,732.537,0
199.803,116,22,725.702,0
199.822,89,10,619.353,0
199.847,98,23,612.186,0
200.122,104,17,721.431,0
200.196,113,6,721.025,0
200.311,90,13,626.745,0
200.374,92,19,706.897,0
200.4,89,21,634.938,0
200.403,92,12,669.284,0
200.437,114,6,602.956,0
200.595,93,12,618.81,0
200.82,105,17,683.837,0
200.877,115,6,705.073,0
200.924,100,15,669.175,0
200.939,101,20,718.077,0
200.98,101,11,617.777,0
200.983,101,15,711.487,0
201.083,91,13,670.08,0
201.363,90,21,710.883,0
201.452,108,7,716.871,0
201.58,113,16,606.397,0
201.583,115,24,603.065,0
201.721,109,7,637.896,0
201.798,91,21,631.92,0
201.803,90,10,682.859,0
202.039,94,12,722.836,0
202.075,93,19,729.067,0
202.11,88,8,713.522,0
202.118,95,12,664.961,0
202.166,96,12,634.491,0
202.214,104,14,605.638,0
202.282,100,5,620.859,0
202.384,89,8,721.112,0
202.57,117,6,636.226,0
202.576,116,6,707.896,0
202.732,102,11,716.355,0
202.838,105,14,605.427,0
202.916,106,17,662.625,0
202.979,90,8,635.553,0
203.004,114,16,651.991,0
203.085,107,17,688.838,0
203.112,94,19,620.393,0
203.147,115,16,614.323,0
203.178,117,22,665.706,0
203.231,99,23,616.532,0
203.365,107,18,609.872,0
203.563,91,10,689.69,0
203.68,92,13,638.567,0
203.701,97,12,731.819,0
203.941,102,20,682.917,0
203.946,100,23,628.977,0
204.003,93,13,613.839,0
204.004,117,16,602.003,0
204.018,116,16,633.702,0
204.046,91,8,635.493,0
204.368,108,18,608.964,0
204.426,92,8,618.5,0
204.534,102,15,678.116,0
204.662,118,16,727.951,0
204.699,108,17,600.731,0
204.97,118,22,659.798,0
204.971,95,19,682.194,0
205.193,119,16,617.591,0
205.207,101,23,724.933,0
205.266,92,10,659.908,0
205.273,103,20,610.639,0
205.333,93,8,602.78,0
205.358,116,24,716.774,0
205.374,103,11,620.659,0
205.427,117,24,732.629,0
205.535,109,18,727.506,0
205.729,120,16,612.786,0
205.786,106,14,617.972,0
205.874,102,23,611.714,0
205.972,103,23,688.733,0
206.142,94,13,719.17,0
206.554,97,9,688.331,0
206.568,104,23,619.481,0
206.623,93,10,640.145,0
206.905,104,20,635.227,0
206.913,109,17,651.167,0
206.957,92,21,682.742,0
206.984,93,21,671.919,0
207.116,104,11,655.778,0
207.325,101,5,625.742,0
207.34,94,21,617.607,0
207.41,118,24,701.085,0
207.564,110,18,644.311,0
207.602,119,22,710.26,0
207.661,98,9,640.223,0
207.729,110,17,726.806,0
207.806,111,17,723.029,0
207.883,121,16,712.155,0
208.2,95,13,693.287,0
208.253,120,22,668.693,0
208.268,96,13,684.251,0
208.37,99,9,639.178,0
208.403,112,17,702.608,0
208.553,121,22,627.43,0
208.571,103,15,715.198,0
208.623,110,7,707.194,0
208.689,107,14,628.546,0
208.711,119,24,704.045,0
208.778,100,9,617.183,0
208.984,102,5,673.692,0
208.998,94,10,633.096,0
209.012,122,22,719.292,0
209.048,105,11,705.096,0
209.177,122,16,641.1,0
209.192,98,12,654.75,0
209.25,95,21,675.155,0
209.27,111,18,694.016,0
209.28,103,5,653.604,0
209.284,99,12,725.27,0
209.398,101,9,721.082,0
209.405,105,20,635.309,0
209.586,100,12,645.31,0
209.635,106,20,706.582,0
209.67,97,13,644.345,0
209.692,108,14,604.745,0
209.864,96,21,655.137,0
209.959,94,8,630.312,0
209.963,97,21,697.241,0
210.005,106,11,679.523,0
210.097,105,23,602.568,0
210.32,118,6,729.223,0
210.322,102,9,696.168,0
210.323,98,13,680.057,0
210.327,123,16,687.845,0
210.416,112,18,602.626,0
210.494,107,11,648.673,0
210.591,95,8,607.595,0
210.658,124,16,641.993,0
210.826,113,17,665.196,0
210.859,113,18,647.363,0
210.987,109,14,651.601,0
211.071,125,16,666.474,0
211.071,123,22,650.826,0
211.072,98,21,650.047,0
211.112,110,14,706.428,0
211.15,106,23,638.827,0
211.244,99,21,600.002,0
211.284,114,17,688.874,0
211.297,108,11,656.267,0
211.3,96,19,724.563,0
211.333,114,18,713.579,0
211.389,96,8,716.271,0
211.409,97,8,646.589,0
211.421,111,7,680.98,0
211.58,98,8,635.14,0
211.737,104,15,649.974,0
211.877,115,18,696.343,0
212.278,119,6,644.924,0
212.288,99,13,610.459,0
212.438,116,18,708.91,0
212.477,120,6,703.74,0
212.482,115,17,719.796,0
212.608,111,14,725.666,0
212.638,112,14,618.042,0
212.651,101,12,602.346,0
212.736,99,8,642.497,0
212.786,124,22,661.883,0
213.02,102,12,722.909,0
213.117,125,22,715.638,0
213.229,100,21,682.673,0
213.286,104,5,601.275,0
213.292,107,20,686.804,0
213.464,100,8,695.773,0
213.531,108,20,657.194,0
213.884,112,7,714.577,0
214.012,105,5,643.194,0
214.039,109,20,721.209,0
214.185,107,23,655.985,0
214.187,113,14,614.378,0
214.532,109,11,612.057,0
214.541,121,6,705.757,0
214.697,116,17,650.204,0
214.763,122,6,669.132,0
214.773,105,15,693.032,0
214.8,108,23,652.157,0
214.864,95,10,712.229,0
214.876,97,19,630.235,0
214.991,100,13,680.653,0
215.035,117,17,690.735,0
215.062,110,20,722.314,0
215.121,103,9,712.709,0
215.124,101,21,732.68,0
215.175,111,20,732.036,0
215.225,106,5,725.345,0
215.263,101,8,686.921,0
215.364,117,18,642.571,0
215.491,107,5,729.814,0
215.632,109,23,674.035,0
215.632,118,18,726.254,0
215.744,123,6,615.398,0
215.804,101,13,711.288,0
215.825,112,20,667.903,0
215.894,104,9,721.354,0
216.004,114,14,671.776,0
216.17,110,23,649.623,0
216.303,120,24,600.5,0
216.407,115,14,665.9,0
216.553,108,5,603.107,0
216.585,102,21,645.987,0
216.612,121,24,732.766,0
216.668,98,19,721.839,0
216.756,126,22,693.191,0
216.829,109,5,683.028,0
216.832,105,9,635.236,0
216.875,124,6,626.007,0
216.917,113,7,717.192,0
216.926,103,21,653.704,0
217.039,106,9,616.484,0
217.045,122,24,670.924,0
217.085,107,9,645.541,0
217.201,110,5,619.261,0
217.287,106,15,605.098,0
217.289,127,22,675.145,0
217.357,103,12,631.802,0
217.419,104,21,700.372,0
217.463,102,13,688.619,0
217.698,126,16,659.063,0
218.133,110,11,637.527,0
218.256,114,7,724.989,0
218.286,113,20,672.917,0
218.301,103,13,653.477,0
218.438,116,14,628.524,0
218.665,125,6,707.879,0
218.748,128,22,663.613,0
218.876,96,10,670.663,0
218.925,99,19,660.148,0
219.128,111,5,709.894,0
219.146,118,17,645.643,0
219.322,108,9,713.604,0
219.373,105,21,615.263,0
219.374,123,24,709.67,0
219.517,97,10,628.487,0
219.532,104,12,678.927,0
219.757,111,23,731.944,0
219.882,126,6,719.702,0
219.964,117,14,665.982,0
220.11,100,19,662.73,0
220.205,127,6,650.147,0
220.33,109,9,611.226,0
220.47,115,7,701.223,0
220.583,107,15,619.816,0
220.632,119,17,653.455,0
220.858,124,24,733.199,0
221.054,129,22,641.429,0
221.29,98,10,688.166,0
221.411,128,6,632.606,0
221.604,106,21,614.652,0
221.835,129,6,692.546,0
221.905,119,18,709.957,0
221.99,107,21,679.182,0
222.118,114,20,646.089,0
222.477,130,22,692.331,0
222.498,131,22,617.338,0
222.811,116,7,609.63,0
222.848,111,11,715.445,0
222.901,101,19,713.75,0
223.11,120,18,628.975,0
223.121,105,12,683.588,0
223.168,120,17,609.26,0
223.775,99,10,706.859,0
223.913,117,7,622.281,0
223.956,108,21,630.06,0
223.984,115,20,606.212,0
224.005,106,12,620.557,0
224.277,125,24,715.285,0
224.385,127,16,714.02,0
224.504,108,15,622.1,0
224.56,102,8,652.999,0
224.62,121,18,674.458,0
224.699,126,24,656.515,0
224.955,112,11,700.188,0
224.986,113,11,646.464,0
225.029,114,11,669.205,0
225.042,109,15,693.975,0
225.179,112,5,609.476,0
225.227,107,12,694.983,0
225.534,100,10,674.477,0
225.554,116,20,703.832,0
225.706,102,19,661.257,0
225.891,121,17,709.234,0
225.895,103,8,600.522,0
225.988,118,14,630.917,0
226.587,101,10,613.902,0
226.639,117,20,689.546,0
226.719,109,21,690.812,0
227.149,113,5,711.738,0
227.453,114,5,683.233,0
227.457,102,10,705.862,0
227.505,104,13,605.783,0
227.525,128,16,680.229,0
227.65,115,5,701.412,0
228.179,119,14,664.831,0
228.21,103,10,604.394,0
228.23,110,9,622.977,0
228.342,108,12,610.411,0
228.423,129,16,607.127,0
228.438,104,8,607.918,0
228.44,110,15,650.871,0
228.446,112,23,725.007,0
228.481,118,7,665.357,0
228.546,119,7,708.436,0
228.839,104,10,698.571,0
228.906,118,20,608.951,0
228.954,116,5,700.586,0
229.05,120,14,722.715,0
229.064,117,5,647.76,0
229.127,105,10,607.664,0
229.232,122,17,650.446,0
229.343,111,9,626.953,0
229.608,110,21,604.123,0
229.692,127,24,719.111,0
229.719,113,23,673.333,0
229.944,119,20,658.479,0
230.024,118,5,636.632,0
230.168,109,12,712.278,0
230.193,120,20,706.977,0
230.247,112,9,703.062,0
230.326,115,11,686.848,0
230.34,116,11,631.662,0
230.343,103,19,649.16,0
230.378,120,7,614.82,0
230.481,122,18,650.702,0
230.76,106,10,686.615,0
230.821,123,17,679.609,0
230.941,114,23,719.911,0
231.265,130,16,681.477,0
231.635,113,9,725.758,0
231.646,111,15,731.718,0
231.707,132,22,637.244,0
231.712,121,7,702.777,0
231.969,105,13,666.608,0
231.971,104,19,713.087,0
232.095,128,24,638.464,0
232.366,117,11,712.526,0
232.425,111,12,651.703,0
232.445,110,12,684.266,0
232.447,112,12,626.915,0
232.58,124,17,680.081,0
232.726,130,6,614.972,0
232.771,131,16,710.545,0
232.795,129,24,707.77,0
232.848,111,21,726.723,0
233.188,119,5,687.084,0
233.234,132,16,710.619,0
233.268,115,23,625.835,0
233.288,133,16,639.72,0
233.327,121,20,717.23,0
233.38,107,10,728.999,0
233.407,134,16,653.052,0
233.844,113,12,623.347,0
233.854,114,12,621.525,0
234.005,125,17,613.629,0
234.027,135,16,633.214,0
234.116,122,14,655.996,0
234.155,121,14,703.826,0
234.189,133,22,718.2,0
234.241,134,22,647.462,0
234.435,120,5,639.459,0
234.459,106,13,729.197,0
234.521,130,24,724.371,0
234.541,118,11,651.32,0
234.549,105,19,670.453,0
234.659,114,9,673.814,0
234.682,106,19,665.258,0
234.757,112,21,688.08,0
234.788,126,17,716.498,0
234.869,122,5,610.33,0
234.874,121,5,714.139,0
235.329,127,17,618.949,0
235.617,113,21,694.887,0
235.963,119,11,700.453,0
236.069,115,12,696.693,0
236.182,122,20,646.308,0
236.288,128,17,730.762,0
236.296,120,11,615.585,0
236.317,108,10,685.824,0
236.468,131,24,710.125,0
236.479,109,10,622.075,0
236.522,107,19,694.89,0
236.761,112,15,669.108,0
236.774,136,16,674.999,0
236.973,115,9,732.26,0
237.107,129,17,643.635,0
237.375,116,23,634.979,0
237.397,123,5,718.922,0
237.432,105,8,699.879,0
237.507,116,9,626.028,0
237.512,117,23,653.772,0
237.547,108,19,712.317,0
237.657,123,18,649.967,0
237.87,124,5,644.217,0
237.948,109,19,725.661,0
238.045,116,12,724.203,0
238.133,123,20,714.412,0
238.163,130,17,689.745,0
238.177,137,16,710.64,0
238.189,107,13,677.488,0
238.206,110,19,645.741,0
238.215,122,7,664.373,0
238.28,110,10,662.353,0
238.308,138,16,733.296,0
238.385,111,10,694.55,0
238.432,112,10,644.079,0
238.554,131,6,702.16,0
238.772,125,5,653.38,0
238.778,108,13,693.918,0
238.78,132,24,650.968,0
238.898,106,8,665.793,0
238.909,117,9,700.293,0
239.131,111,19,648.663,0
239.166,123,14,650.968,0
239.217,117,12,702.847,0
239.217,133,24,665.257,0
239.348,124,14,661.406,0
239.505,118,12,658.312,0
239.521,124,18,634.136,0
239.636,109,13,632.107,0
239.678,135,22,720.811,0
239.733,136,22,721.958,0
240.056,119,12,639.795,0
240.091,113,10,636.677,0
240.244,114,21,674.053,0
240.491,120,12,702.102,0
240.505,114,10,712.666,0
240.552,115,10,664.341,0
240.559,118,9,678.323,0
240.599,134,24,731.389,0
240.75,139,16,722.657,0
240.922,116,10,652.509,0
240.964,126,5,721.544,0
241.12,107,8,602.137,0
241.128,110,13,725.55,0
241.419,125,18,646.739,0
241.43,123,7,630.485,0
241.435,119,9,655.014,0
241.629,108,8,725.803,0
241.683,118,23,609.692,0
241.684,121,12,603.257,0
241.692,117,10,616.575,0
241.767,122,12,612.304,0
242.135,124,20,649.066,0
242.312,109,8,623.543,0
242.436,125,20,709.725,0
242.455,121,11,719.67,0
242.633,126,18,710.367,0
242.671,127,5,653.262,0
243.049,120,9,671.415,0
243.225,125,14,693.415,0
243.233,119,23,665.014,0
243.261,110,8,656.349,0
243.346,113,15,704.646,0
243.465,115,21,698.725,0
243.557,120,23,732.207,0
243.699,126,14,716.117,0
243.747,128,5,698.988,0
243.812,118,10,656.158,0
243.815,122,11,671.175,0
243.873,126,20,612.546,0
244.002,119,10,617.446,0
244.236,127,14,665.312,0
244.473,137,22,614.623,0
244.477,124,7,711.124,0
244.571,121,9,670.556,0
244.953,138,22,646.408,0
244.973,128,14,617.547,0
244.996,123,11,655.454,0
245.29,139,22,612.879,0
245.359,127,18,652.716,0
245.663,140,22,704.607,0
245.739,127,20,624.699,0
245.757,111,13,690.336,0
245.757,132,6,674.958,0
245.824,124,11,702.571,0
245.911,129,14,693.62,0
245.958,121,23,653.344,0
246.066,125,7,620.086,0
246.109,131,17,628.992,0
246.234,116,21,720.2,0
246.426,122,23,631.77,0
246.528,117,21,633.403,0
246.528,135,24,652.085,0
246.594,118,21,642.998,0
246.61,132,17,729.638,0
246.618,112,13,609.54,0
246.974,133,17,661.965,0
247.091,114,15,652.771,0
247.582,136,24,668.15,0
247.666,115,15,641.24,0
247.67,123,12,628.6,0
247.68,129,5,663.017,0
247.8,124,12,608.59,0
247.843,128,20,644.664,0
247.902,112,19,654.494,0
248.103,128,18,701.48,0
248.181,137,24,622.784,0
248.313,123,23,613.841,0
248.52,119,21,677.802,0
248.611,134,17,696.192,0
248.682,120,10,730.941,0
248.773,126,7,683.492,0
248.815,125,12,670.802,0
248.925,122,9,648.321,0
248.93,140,16,642.484,0
248.984,111,8,712.542,0
249.292,123,9,691.371,0
249.452,127,7,616.768,0
249.605,141,16,645.857,0
249.606,113,19,694.038,0
249.706,130,14,610.814,0
249.712,129,20,657.272,0
249.776,130,5,626.058,0
249.812,142,16,699.427,0
249.892,114,19,618.739,0
250.034,129,18,617.483,0
250.159,131,14,638.106,0
250.283,124,9,642.552,0
250.285,115,19,611.787,0
250.437,125,9,714.006,0
250.49,120,21,704.765,0
250.545,138,24,634.178,0
250.626,128,7,614.053,0
250.658,116,19,600.559,0
250.733,112,8,603.68,0
250.752,135,17,654.35,0
250.84,139,24,610.507,0
251.074,121,10,732.018,0
251.164,132,14,630.674,0
251.213,113,13,681.646,0
251.278,126,9,729.336,0
251.401,117,19,618.111,0
251.435,114,13,693.519,0
251.464,126,11,614.464,0
251.489,125,11,692.748,0
251.718,131,20,601.306,0
251.749,130,20,704.7,0
251.792,115,13,646.551,0
251.941,121,21,711.848,0
251.966,132,20,680.321,0
251.995,118,19,697.88,0
252.013,130,18,604.785,0
252.098,129,7,690.475,0
252.146,141,22,606.703,0
252.234,113,8,626.812,0
252.266,122,21,626.023,0
252.38,133,6,724.335,0
252.401,117,15,610.895,0
252.402,133,20,641.227,0
252.468,116,15,685.761,0
252.472,134,20,703.001,0
252.572,126,12,655.682,0
252.619,124,23,616.134,0
253.097,135,20,637.528,0
253.128,131,5,624.75,0
253.188,118,15,719.407,0
253.486,142,22,648.333,0
253.72,116,13,616.139,0
253.881,136,17,709.384,0
254.059,119,19,710.989,0
254.248,127,9,649.263,0
254.402,122,10,719.453,0
254.49,123,21,724.457,0
254.521,119,15,647.861,0
254.576,140,24,657.551,0
254.621,143,16,694.263,0
255.196,133,14,688.589,0
255.288,125,23,647.652,0
255.314,127,12,730.511,0
255.365,128,12,629.965,0
255.428,127,11,602.437,0
255.514,120,15,652.191,0
255.575,129,11,603.713,0
255.617,128,11,704.57,0
255.662,123,10,660.648,0
255.853,124,10,610.217,0
255.874,134,6,699.163,0
255.938,126,10,642.689,0
255.959,125,10,677.856,0
255.98,135,6,652.574,0
256.02,137,17,626.462,0
256.107,144,16,619.289,0
256.283,130,7,695.896,0
256.366,126,23,704.107,0
256.373,136,6,730.18,0
256.513,145,16,643.216,0
256.613,131,18,601.906,0
256.738,114,8,726.211,0
256.811,124,21,663.155,0
256.821,143,22,605.811,0
256.827,137,6,725.517,0
256.915,128,9,682.284,0
257.012,134,14,688.413,0
257.055,138,6,617.204,0
257.308,139,6,680.267,0
257.374,135,14,701.777,0
257.528,141,24,607.522,0
257.56,129,12,650.536,0
257.634,129,9,602.901,0
257.638,140,6,607.288,0
257.657,127,10,692.508,0
257.704,130,12,644.945,0
257.707,136,20,603.816,0
257.975,115,8,600.33,0
257.977,125,21,639.999,0
257.99,121,15,619.31,0
258.246,128,10,686.205,0
258.345,130,9,620.557,0
258.445,142,24,709.24,0
258.56,146,16,682.692,0
258.605,127,23,656.523,0
259.117,131,12,616.674,0
259.22,141,6,643.784,0
259.234,116,8,708.744,0
259.252,147,16,642.273,0
259.377,120,19,615.485,0
259.389,131,9,624.38,0
259.477,137,20,728.484,0
259.479,117,13,647.288,0
259.603,122,15,644.374,0
259.634,132,9,644.177,0
259.679,130,11,689.141,0
259.702,128,23,653.049,0
259.724,148,16,703.175,0
259.78,131,7,624.568,0
259.826,143,24,655.483,0
259.921,117,8,707.297,0
260.092,138,17,664.493,0
260.11,144,24,726.389,0
260.289,132,5,613.191,0
260.739,133,9,639.05,0
260.844,131,11,703.012,0
260.933,138,20,652.807,0
261.042,118,8,637.429,0
261.217,132,12,701.109,0
261.223,144,22,684.403,0
261.293,123,15,622.864,0
261.332,134,9,650.552,0
261.365,139,20,690.193,0
261.42,121,19,627.664,0
261.557,135,9,608.609,0
261.583,132,18,676.707,0
261.682,133,18,709.084,0
261.821,142,6,695.476,0
261.885,134,18,619.199,0
262.051,129,10,695.416,0
262.06,136,9,608.489,0
262.116,124,15,711.874,0
262.155,145,24,657.397,0
262.287,140,20,633.428,0
262.422,145,22,608.284,0
262.475,141,20,632.546,0
262.483,149,16,663.682,0
262.517,146,24,620.151,0
262.551,122,19,695.05,0
262.672,133,5,690.205,0
262.677,126,21,667.372,0
262.792,132,7,670.346,0
262.827,129,23,730.955,0
263.248,150,16,709.243,0
263.3,119,8,663.354,0
263.347,123,19,686.815,0
263.412,133,12,723.755,0
263.457,118,13,611.02,0
263.653,130,10,655.268,0
263.675,139,17,636.64,0
263.751,131,10,645.678,0
263.783,133,7,671.006,0
263.898,119,13,687.857,0
263.933,140,17,692.289,0
263.946,136,14,624.95,0
263.946,141,17,661.485,0
264.006,130,23,629.193,0
264.03,120,8,617.626,0
264.076,137,9,627.225,0
264.125,125,15,661.174,0
264.187,135,18,618.392,0
264.343,134,12,611.937,0
264.54,132,10,683.913,0
264.628,131,23,645.57,0
264.862,127,21,732.711,0
265.04,126,15,689.651,0
265.09,135,12,712.873,0
265.197,132,23,708.373,0
265.277,136,18,600.665,0
265.669,151,16,676.384,0
265.719,121,8,704.251,0
265.823,128,21,655.84,0
265.902,129,21,680.72,0
266.101,124,19,600.885,0
266.116,142,17,610.919,0
266.98,146,22,733.237,0
267.104,133,23,729.288,0
267.438,138,9,707.368,0
267.54,125,19,659.979,0
267.557,152,16,611.126,0
267.562,134,7,649.225,0
267.841,147,22,643.899,0
267.933,120,13,717.992,0
267.975,136,12,665.649,0
268.138,134,23,655.551,0
268.292,143,17,722.123,0
268.461,130,21,613.205,0
268.51,132,11,710.163,0
268.582,134,5,643.13,0
268.684,135,5,705.035,0
268.815,139,9,720.96,0
268.827,126,19,619.929,0
269.139,144,17,714.787,0
269.149,122,8,668.684,0
269.236,133,11,687.895,0
269.285,143,6,684.705,0
269.332,127,15,720.091,0
269.391,142,20,688.539,0
269.428,147,24,696.597,0
269.507,121,13,727.535,0
269.763,135,7,692.374,0
269.829,123,8,637.574,0
269.833,128,15,600.199,0
269.942,148,24,660.48,0
270.073,131,21,688.878,0
270.139,124,8,715.669,0
270.378,145,17,603.399,0
270.577,137,12,712.122,0
270.582,146,17,613.64,0
270.779,132,21,715.67,0
270.908,143,20,678.606,0
270.942,147,17,639.399,0
270.981,148,22,610.198,0
271.22,137,14,622.424,0
271.605,128,19,632.605,0
271.613,127,19,661.349,0
271.9,133,21,634.68,0
271.971,129,15,638.3,0
271.993,148,17,616.836,0
272.042,134,11,720.05,0
272.064,137,18,696.245,0
272.139,136,5,707.42,0
272.175,129,19,622.783,0
272.563,137,5,675.786,0
272.706,125,8,719.597,0
272.755,138,5,608.523,0
273.036,153,16,677.442,0
273.098,138,18,719.055,0
273.158,135,23,725.135,0
273.203,133,10,732.329,0
273.366,130,19,701.249,0
273.38,122,13,722.438,0
273.39,134,10,679.449,0
273.419,139,18,660.602,0
273.428,134,21,638.814,0
273.534,140,9,731.227,0
273.546,144,20,665.211,0
273.597,135,11,659.017,0
273.68,130,15,613.48,0
273.755,127,8,629.055,0
273.757,126,8,693.764,0
273.806,136,11,600.647,0
274.009,138,14,709.96,0
274.441,144,6,693.304,0
274.523,149,17,634.026,0
274.523,136,23,652.787,0
274.813,139,14,635.533,0
274.941,140,14,661.596,0
274.945,154,16,692.549,0
274.953,137,11,690.825,0
275.073,150,17,719.77,0
275.101,135,10,656.655,0
275.144,140,18,618.408,0
275.394,123,13,711.913,0
275.432,155,16,664.856,0
275.441,139,5,690.153,0
275.453,138,11,654.897,0
275.821,141,14,628.853,0
275.876,124,13,635.958,0
275.885,145,20,668.45,0
275.909,141,18,688.838,0
275.92,142,18,650.114,0
275.949,136,10,635.388,0
275.998,137,23,610.215,0
276.162,143,18,675.204,0
276.261,141,9,620.533,0
276.354,142,9,618.937,0
276.471,128,8,721.237,0
276.522,143,9,727.237,0
276.641,149,24,666.67,0
276.686,142,14,659.792,0
276.806,137,10,644.036,0
276.875,131,15,620.307,0
276.936,136,7,697.986,0
276.939,135,21,728.242,0
277.207,137,7,641.988,0
277.251,149,22,665.011,0
277.276,144,18,601.871,0
277.286,151,17,718.859,0
277.517,138,12,676.536,0
277.635,139,12,701.825,0
277.645,156,16,648.211,0
277.715,140,5,702.317,0
277.719,138,10,732.547,0
277.901,129,8,699.027,0
277.913,131,19,667.575,0
277.949,150,22,646.184,0
278.037,145,18,705.039,0
278.128,132,15,641.446,0
278.454,141,5,653.368,0
278.532,146,18,700.076,0
278.609,143,14,623.747,0
278.767,152,17,728.101,0
278.891,146,20,723.897,0
279.073,142,5,651.459,0
279.309,150,24,628.036,0
279.363,130,8,667.285,0
279.493,139,10,720.289,0
279.521,147,20,704.912,0
279.893,144,9,651.265,0
280.063,139,11,675.975,0
280.075,132,19,668.926,0
280.099,157,16,700.041,0
280.167,158,16,730.187,0
280.234,138,23,696.492,0
280.373,140,11,730.752,0
280.511,140,10,701.083,0
280.528,140,12,674.333,0
280.58,133,15,658.203,0
280.623,159,16,615.188,0
280.765,139,23,608.537,0
280.923,160,16,615.063,0
280.993,138,7,655.165,0
281.05,140,23,607.061,0
281.289,145,6,659.002,0
281.369,133,19,627.651,0
281.383,144,14,609.067,0
281.462,151,22,628.981,0
281.493,141,23,626.4,0
281.557,142,23,650.713,0
281.779,145,9,694.222,0
281.785,152,22,664.622,0
281.94,148,20,610.484,0
281.963,134,19,628.718,0
282.046,151,24,612.069,0
282.195,141,10,627.443,0
282.271,131,8,621.184,0
282.454,145,14,637.785,0
282.864,143,23,708.023,0
283.036,153,17,635.628,0
283.104,141,11,619.824,0
283.255,146,14,700.027,0
283.292,125,13,637.258,0
283.294,149,20,697.748,0
283.431,136,21,696.166,0
283.57,144,23,601.179,0
283.645,146,6,619.813,0
283.927,147,18,672.879,0
283.928,152,24,700.019,0
284.057,147,6,712.552,0
284.117,135,19,731.766,0
284.174,137,21,615.907,0
284.234,153,22,652.448,0
284.277,132,8,631.04,0
284.363,150,20,671.832,0
284.435,145,23,628.96,0
284.483,138,21,714.614,0
284.521,146,9,618.698,0
284.695,147,9,603.624,0
284.718,153,24,672.683,0
284.749,126,13,630.079,0
284.893,147,14,697.298,0
284.931,143,5,664.04,0
284.972,134,15,671.973,0
285.211,141,12,634.084,0
285.307,140,21,624.278,0
285.355,144,5,678.71,0
285.364,146,23,704.017,0
285.413,161,16,626.16,0
285.739,136,19,732.653,0
285.814,148,6,644.196,0
286.093,137,19,689.457,0
286.261,147,23,609.085,0
286.315,154,17,671.988,0
286.399,151,20,627.737,0
286.645,152,20,720.494,0
286.645,153,20,713.152,0
286.816,154,22,656.704,0
286.823,148,9,676.267,0
286.84,149,6,668.232,0
286.844,154,24,689.604,0
286.869,142,12,687.719,0
286.981,143,12,600.654,0
287.15,141,21,685.374,0
287.197,148,14,712.523,0
287.239,138,19,713.96,0
287.252,139,19,654.048,0
287.338,144,12,680.762,0
287.442,155,24,639.595,0
287.544,149,14,722.341,0
287.735,149,23,686.664,0
287.737,133,8,664.502,0
288.023,155,22,699.465,0
288.2,156,24,629.59,0
288.295,154,20,618.24,0
288.295,145,12,613.617,0
288.296,150,23,647.192,0
288.39,156,22,667.855,0
288.39,157,24,654.02,0
288.433,142,21,709.994,0
288.438,142,11,639.991,0
288.513,162,16,659.044,0
288.641,145,5,638.878,0
288.694,142,10,697.48,0
288.744,149,9,714.125,0
288.783,155,20,733.08,0
288.855,148,18,704.868,0
289.147,163,16,618.939,0
289.3,143,10,652.666,0
289.303,150,14,713.386,0
289.505,144,10,700.399,0
289.517,143,21,601.649,0
289.546,149,18,695.059,0
289.92,151,14,612.32,0
290.12,143,11,726.248,0
290.147,150,9,700.339,0
290.16,158,24,620.769,0
290.197,144,21,703.962,0
290.435,146,5,679.742,0
290.574,145,21,676.918,0
290.623,151,23,708.787,0
290.663,152,23,680.221,0
290.705,151,9,648.957,0
290.914,127,13,726.998,0
291.248,152,9,621.371,0
291.249,128,13,727.448,0
291.256,164,16,640.531,0
291.258,165,16,627.195,0
291.28,155,17,715.571,0
291.283,152,14,697.092,0
291.507,140,19,649.882,0
291.528,156,20,624.566,0
291.696,150,18,604.79,0
291.833,153,23,678.486,0
291.866,159,24,628.219,0
291.907,156,17,708.917,0
291.995,157,22,645.334,0
292.169,157,20,701.119,0
292.273,154,23,665.005,0
292.277,144,11,731.264,0
292.318,158,22,605.515,0
292.743,153,9,682.809,0
292.783,155,23,706.018,0
292.838,153,14,620.971,0
292.865,129,13,718.546,0
292.957,145,11,661.87,0
292.998,134,8,637.724,0
293.024,146,11,647.047,0
293.107,147,5,682.001,0
293.243,139,7,730.353,0
293.356,151,18,614.361,0
293.363,154,14,620.26,0
293.412,148,5,669.108,0
293.588,156,23,665.918,0
293.626,140,7,697.762,0
293.767,157,23,676.053,0
293.808,149,5,729.827,0
293.861,154,9,661.008,0
293.921,166,16,665.417,0
293.937,155,9,650.994,0
294.075,146,12,626.24,0
294.087,141,7,660.055,0
294.161,150,6,694.882,0
294.195,155,14,693.62,0
294.226,145,10,618.905,0
294.496,160,24,678.138,0
294.77,152,18,626.846,0
294.788,146,21,717.813,0
294.793,156,9,604.114,0
294.887,150,5,682.287,0
294.965,141,19,708.87,0
295.094,147,21,674.013,0
295.292,130,13,692.196,0
295.311,158,20,604.868,0
295.527,142,19,643.151,0
295.622,147,11,696.977,0
295.788,159,20,684.263,0
295.881,148,21,645.612,0
295.936,167,16,715.828,0
296.177,143,19,627.752,0
296.303,156,14,627.242,0
296.419,157,14,694.071,0
296.562,135,8,658.83,0
296.613,161,24,683.876,0
296.639,157,17,603.076,0
296.764,157,9,654.157,0
296.806,160,20,688.064,0
296.957,147,12,602.922,0
297.227,144,19,688.98,0
297.255,149,21,689.942,0
297.301,152,5,629.393,0
297.304,151,5,687.869,0
297.331,136,8,603.23,0
297.362,142,7,627.253,0
297.524,148,11,636.313,0
297.566,162,24,699.385,0
297.607,161,20,669.652,0
297.853,148,12,668.718,0
297.907,149,12,705.507,0
297.924,159,22,660.215,0
298.008,159,14,691.846,0
298.024,162,20,676.787,0
298.076,131,13,655.631,0
298.404,135,15,650.675,0
298.442,153,5,702.618,0
298.483,146,10,622.876,0
298.596,150,21,608.372,0
298.814,151,6,613.468,0
298.827,160,22,713.128,0
298.869,158,23,642.223,0
298.944,153,18,698.883,0
299.001,132,13,704.781,0
299.345,160,14,732.233,0
299.397,150,12,601.174,0
299.433,147,10,694.023,0
299.526,148,10,668.019,0
299.97,136,15,620.81,0
300.062,137,8,663.806,0
300.091,143,7,727.068,0
300.099,168,16,642.326,0
300.155,159,23,730.147,0
300.216,149,11,600.562,0
300.338,151,21,674.465,0
300.483,137,15,732.654,0
300.489,161,22,652.239,0
300.661,151,12,720.299,0
