time_s,ue_id,tx_bytes,rx_bytes
0.815874,8,8000000,0
0.817046,18,4000000,0
0.848173,11,8000000,0
0.874192,17,4000000,0
0.875353,14,8000000,0
0.875772,21,8000000,0
0.876348,13,8000000,0
0.880635,22,8000000,0
0.884913,7,4000000,0
0.887015,23,8000000,0
0.905309,12,4000000,0
0.907771,15,8000000,0
0.909216,10,4000000,0
0.911577,20,4000000,0
0.911736,16,4000000,0
0.917952,24,4000000,0
0.921552,6,4000000,0
0.929084,19,4000000,0
0.930654,9,8000000,0
0.934476,5,12000000,0
0.940683,14,8000000,0
0.999416,8,8000000,0
1.01846,21,8000000,0
1.0789,23,8000000,0
1.16628,11,8000000,0
1.17423,22,8000000,0
1.28976,9,8000000,0
1.32035,5,12000000,0
1.42272,5,12000000,0
1.53332,15,8000000,0
1.59692,13,8000000,0
2.11943,19,8000000,0
2.28024,9,12000000,0
2.31635,11,12000000,0
2.47388,17,8000000,0
2.86178,5,20000000,0
3.04768,21,16000000,0
3.34029,11,16000000,0
3.38391,13,20000000,0
3.40268,5,20000000,0
3.42488,7,8000000,0
3.62377,16,8000000,0
3.76769,21,16000000,0
3.77186,13,20000000,0
3.84579,13,20000000,0
4.19458,20,8000000,0
4.50144,16,12000000,0
4.53199,7,16000000,0
4.60677,17,12000000,0
4.68498,7,16000000,0
4.78653,23,12000000,0
5.05331,6,8000000,0
5.07059,22,12000000,0
5.31759,19,12000000,0
5.38429,12,8000000,0
5.40452,24,16000000,0
5.4255,24,16000000,0
5.43945,8,12000000,0
5.6379,13,24000000,0
5.73257,11,24000000,0
5.78211,24,16000000,0
5.93235,11,28000000,0
6.09909,23,16000000,0
6.25517,12,16000000,0
6.25604,15,16000000,0
6.26862,8,16000000,0
6.40312,11,28000000,0
6.44033,7,20000000,0
6.53175,21,24000000,0
6.57883,17,20000000,0
6.66452,17,20000000,0
6.68512,12,20000000,0
6.75544,5,24000000,0
6.82958,19,16000000,0
6.8555,15,20000000,0
6.86429,21,24000000,0
6.98053,12,20000000,0
7.04331,23,24000000,0
7.08972,16,16000000,0
7.11573,18,12000000,0
7.19147,11,32000000,0
7.35396,15,20000000,0
7.52464,22,20000000,0
7.55744,14,16000000,0
7.58197,18,12000000,0
7.59012,23,24000000,0
7.6876,10,8000000,0
7.79855,6,20000000,0
7.80181,6,20000000,0
7.93073,20,12000000,0
7.99582,22,20000000,0
8.12163,6,20000000,0
8.23285,14,16000000,0
8.24386,5,28000000,0
8.72355,16,20000000,0
8.76955,15,24000000,0
8.8351,19,24000000,0
9.02303,19,28000000,0
9.22731,6,28000000,0
9.4246,5,32000000,0
9.47534,8,20000000,0
9.58551,19,32000000,0
9.71596,20,20000000,0
9.82664,6,28000000,0
9.9339,20,20000000,0
9.93573,19,32000000,0
9.95288,18,16000000,0
9.96615,13,32000000,0
10.0959,7,24000000,0
10.2412,22,24000000,0
10.2887,13,36000000,0
10.5303,12,24000000,0
10.5709,17,28000000,0
10.7319,18,24000000,0
10.9261,8,24000000,0
10.9332,7,32000000,0
10.9514,13,36000000,0
11.1194,10,12000000,0
11.1597,7,32000000,0
11.1905,17,28000000,0
11.1936,22,32000000,0
11.3699,18,24000000,0
11.5766,22,32000000,0
11.7265,24,20000000,0
12.1669,6,32000000,0
12.2963,8,28000000,0
12.4235,21,28000000,0
12.4329,7,36000000,0
12.5174,12,28000000,0
12.5411,10,20000000,0
12.5706,15,32000000,0
12.6883,14,20000000,0
12.8848,16,24000000,0
12.9426,15,32000000,0
13.0518,10,20000000,0
13.126,11,40000000,0
13.2334,11,40000000,0
13.4052,6,36000000,0
13.41,18,28000000,0
13.458,21,32000000,0
13.4745,12,40000000,0
13.5089,24,24000000,0
13.8158,12,40000000,0
13.8486,12,40000000,0
14.0315,19,36000000,0
14.0642,23,28000000,0
14.1766,9,16000000,0
14.1771,11,44000000,0
14.2711,20,24000000,0
14.3595,21,36000000,0
14.5848,14,24000000,0
14.9049,22,36000000,0
15.0692,15,36000000,0
15.1284,23,32000000,0
15.1772,24,28000000,0
15.276,20,28000000,0
15.5304,10,28000000,0
15.5917,13,40000000,0
15.6301,5,40000000,0
15.6315,7,40000000,0
15.8088,21,40000000,0
15.8389,10,28000000,0
15.8525,15,40000000,0
15.9304,14,28000000,0
15.9999,12,44000000,0
16.0177,5,44000000,0
16.0838,16,32000000,0
16.1392,16,32000000,0
16.1575,8,32000000,0
16.1938,17,32000000,0
16.4404,5,44000000,0
16.6331,10,32000000,0
17.0615,19,44000000,0
17.1186,20,32000000,0
17.1861,24,36000000,0
17.2075,18,32000000,0
17.2292,14,32000000,0
17.2375,24,36000000,0
17.271,19,44000000,0
17.3441,8,36000000,0
17.4636,21,48000000,0
17.599,21,48000000,0
17.6167,15,44000000,0
17.6746,23,36000000,0
17.7758,13,48000000,0
17.9349,17,44000000,0
17.9402,17,44000000,0
17.9811,13,48000000,0
18.0087,22,40000000,0
18.0278,17,44000000,0
18.2273,8,40000000,0
18.6423,7,44000000,0
18.6818,16,36000000,0
19.0478,8,48000000,0
19.2455,19,48000000,0
19.3249,21,52000000,0
19.5358,13,56000000,0
19.5925,8,48000000,0
19.6391,10,36000000,0
19.6735,5,48000000,0
19.9862,16,40000000,0
19.9959,13,56000000,0
20.2101,23,40000000,0
20.2751,20,40000000,0
20.295,9,20000000,0
20.4986,24,40000000,0
20.5115,17,48000000,0
20.5209,20,40000000,0
20.5404,22,48000000,0
20.5646,11,48000000,0
20.6975,16,44000000,0
20.6986,22,48000000,0
20.7928,7,52000000,0
20.8714,6,40000000,0
20.8739,14,36000000,0
21.0412,18,36000000,0
21.0484,23,44000000,0
21.0842,7,52000000,0
21.1174,9,28000000,0
21.3872,19,52000000,0
21.4203,15,52000000,0
21.5193,9,28000000,0
21.734,17,52000000,0
21.8945,15,52000000,0
22.0574,23,48000000,0
22.1037,5,52000000,0
22.2794,22,52000000,0
22.4813,18,40000000,0
22.5796,11,52000000,0
22.673,19,56000000,0
22.6934,14,44000000,0
22.768,12,48000000,0
22.7704,14,44000000,0
22.9853,17,60000000,0
23.1908,7,56000000,0
23.2098,13,64000000,0
23.2487,17,64000000,0
23.5495,23,60000000,0
23.6115,13,64000000,0
23.7638,17,68000000,0
23.7964,23,60000000,0
23.8967,23,60000000,0
24.1394,17,72000000,0
24.2332,14,48000000,0
24.3506,22,60000000,0
24.4228,9,32000000,0
24.4294,11,56000000,0
24.4958,12,56000000,0
24.4959,17,72000000,0
24.5049,18,44000000,0
24.5663,12,56000000,0
24.5739,6,48000000,0
24.7597,22,64000000,0
24.805,21,56000000,0
24.9446,14,56000000,0
24.9625,6,48000000,0
24.9638,10,40000000,0
25.0476,7,60000000,0
25.0851,22,64000000,0
25.3167,20,44000000,0
25.3477,14,56000000,0
25.5226,21,60000000,0
25.6198,24,48000000,0
25.6615,18,56000000,0
25.7199,6,52000000,0
25.7245,13,68000000,0
25.7696,8,52000000,0
25.8803,22,72000000,0
25.8818,9,36000000,0
25.9879,23,64000000,0
25.9936,18,56000000,0
26.092,5,60000000,0
26.0933,15,56000000,0
26.1259,22,72000000,0
26.1502,18,60000000,0
26.1752,5,60000000,0
26.2688,24,52000000,0
26.4101,12,60000000,0
26.4602,24,52000000,0
26.7795,18,68000000,0
27.1654,20,52000000,0
27.1961,6,56000000,0
27.2438,18,68000000,0
27.2706,12,72000000,0
27.3108,15,64000000,0
27.3721,18,68000000,0
27.374,22,76000000,0
27.3759,5,72000000,0
27.4194,20,52000000,0
27.4597,5,72000000,0
27.4604,8,56000000,0
27.4846,15,64000000,0
27.4965,21,64000000,0
27.499,12,72000000,0
27.6609,17,76000000,0
27.7113,12,72000000,0
27.7331,5,72000000,0
28.0308,24,56000000,0
28.2399,11,60000000,0
28.2726,19,60000000,0
28.9542,23,68000000,0
29.0372,7,68000000,0
29.1207,9,40000000,0
29.2163,19,64000000,0
29.4783,8,60000000,0
29.5304,21,76000000,0
29.557,7,68000000,0
29.5985,21,76000000,0
29.6238,16,56000000,0
29.6318,12,80000000,0
29.6771,16,56000000,0
29.7048,16,56000000,0
29.8151,21,76000000,0
29.8154,9,44000000,0
29.8516,17,80000000,0
29.9123,22,84000000,0
30.0586,12,84000000,0
30.1496,18,72000000,0
30.1663,22,84000000,0
30.2798,23,72000000,0
30.3867,8,64000000,0
30.4386,15,72000000,0
30.4441,12,84000000,0
30.5468,10,48000000,0
30.6914,14,60000000,0
30.7614,7,76000000,0
30.7674,15,72000000,0
30.9596,13,76000000,0
31.002,13,76000000,0
31.1088,10,48000000,0
31.109,7,76000000,0
31.2371,5,76000000,0
31.3291,6,64000000,0
31.4646,23,80000000,0
31.6674,23,80000000,0
31.6676,16,60000000,0
31.8418,11,64000000,0
31.9698,6,64000000,0
32.0513,17,84000000,0
32.0548,15,76000000,0
32.0792,9,48000000,0
32.1023,20,56000000,0
32.2259,7,84000000,0
32.2739,19,68000000,0
32.5257,21,80000000,0
32.819,7,84000000,0
32.863,24,60000000,0
32.887,20,60000000,0
32.9359,5,84000000,0
32.9628,14,64000000,0
33.0217,5,84000000,0
33.0475,16,68000000,0
33.0727,10,60000000,0
33.1052,13,80000000,0
33.112,12,92000000,0
33.1367,16,68000000,0
33.1968,18,76000000,0
33.2525,10,60000000,0
33.2826,11,72000000,0
33.4609,22,92000000,0
33.4746,12,92000000,0
33.5392,10,60000000,0
33.5518,11,72000000,0
33.5879,8,68000000,0
33.6048,22,92000000,0
34.291,21,88000000,0
34.2926,10,64000000,0
34.3611,15,80000000,0
34.4002,16,72000000,0
34.4759,22,96000000,0
34.5631,21,88000000,0
35.2998,17,92000000,0
35.4725,14,68000000,0
35.4817,19,80000000,0
35.509,12,100000000,0
35.5383,24,64000000,0
35.7687,19,84000000,0
35.8507,12,100000000,0
35.8561,23,84000000,0
35.9013,17,92000000,0
35.9705,19,84000000,0
36.0844,15,88000000,0
36.2007,13,84000000,0
36.2045,19,84000000,0
36.2409,5,88000000,0
36.2951,15,88000000,0
36.7491,21,92000000,0
36.7688,22,100000000,0
36.8881,13,88000000,0
36.8946,20,64000000,0
37.6298,10,72000000,0
37.8646,19,92000000,0
37.8753,20,72000000,0
37.8948,11,76000000,0
37.9747,24,72000000,0
38.0037,5,92000000,0
38.0154,9,56000000,0
38.2444,10,76000000,0
38.249,18,80000000,0
38.3342,20,72000000,0
38.3386,9,56000000,0
38.3852,19,92000000,0
38.386,15,96000000,0
38.4401,8,72000000,0
38.4976,15,96000000,0
38.6251,10,76000000,0
38.6372,24,72000000,0
38.68,13,92000000,0
38.7869,6,68000000,0
39.2835,18,84000000,0
39.3718,16,84000000,0
39.5037,16,84000000,0
39.531,24,76000000,0
39.6112,17,96000000,0
39.6407,10,80000000,0
39.7035,16,84000000,0
39.7202,22,104000000,0
40.007,14,72000000,0
40.3296,20,76000000,0
40.3611,18,88000000,0
40.3837,15,100000000,0
40.4763,5,100000000,0
40.5429,5,100000000,0
40.7229,24,80000000,0
40.7413,16,92000000,0
40.7729,8,76000000,0
40.8126,12,104000000,0
40.8807,11,80000000,0
40.8841,16,92000000,0
41.0782,18,92000000,0
41.1413,19,96000000,0
41.3382,15,104000000,0
41.573,11,84000000,0
41.6297,22,112000000,0
41.6378,14,76000000,0
41.7349,23,92000000,0
41.7667,8,80000000,0
41.778,17,100000000,0
41.8271,5,108000000,0
41.8439,23,92000000,0
41.8854,6,72000000,0
41.906,21,96000000,0
42.0335,22,112000000,0
42.2445,15,108000000,0
42.416,5,108000000,0
42.4942,7,88000000,0
42.7217,6,80000000,0
42.7418,17,104000000,0
42.8536,13,96000000,0
42.8726,6,80000000,0
42.8773,11,88000000,0
42.8915,20,80000000,0
43.0076,14,80000000,0
43.0243,9,64000000,0
43.0843,16,96000000,0
43.1612,12,108000000,0
43.1836,8,84000000,0
43.3158,9,64000000,0
43.5487,10,84000000,0
43.6651,17,112000000,0
43.923,5,116000000,0
43.9646,21,100000000,0
44.01,11,92000000,0
44.034,17,112000000,0
44.1323,22,120000000,0
44.1926,5,116000000,0
44.2449,22,124000000,0
44.489,19,100000000,0
44.6866,6,84000000,0
44.812,12,112000000,0
44.851,17,116000000,0
44.8718,22,132000000,0
44.8866,21,104000000,0
44.9115,22,132000000,0
45.083,23,96000000,0
45.1218,24,88000000,0
45.5648,21,108000000,0
45.5846,22,132000000,0
45.6272,24,88000000,0
45.8034,20,84000000,0
45.8123,5,120000000,0
45.9371,18,96000000,0
46.0424,9,72000000,0
46.0845,8,88000000,0
46.0904,16,100000000,0
46.1329,23,100000000,0
46.1693,9,72000000,0
46.181,6,88000000,0
46.2496,10,92000000,0
46.3269,10,92000000,0
46.5865,20,88000000,0
46.599,7,92000000,0
46.6661,22,136000000,0
46.8438,21,116000000,0
46.888,11,96000000,0
47.0477,24,92000000,0
47.3911,21,116000000,0
47.5342,10,96000000,0
47.7266,5,124000000,0
47.8324,23,108000000,0
48.1382,23,112000000,0
48.1672,13,100000000,0
48.3092,22,140000000,0
48.363,19,104000000,0
48.3978,18,100000000,0
48.5162,23,112000000,0
48.5266,5,128000000,0
48.5323,15,112000000,0
48.7615,9,76000000,0
49.0853,14,92000000,0
49.0861,14,92000000,0
49.1502,13,104000000,0
49.1635,22,148000000,0
49.1642,5,132000000,0
49.3205,22,152000000,0
49.4224,18,112000000,0
49.4984,18,112000000,0
49.5319,17,124000000,0
49.6723,18,112000000,0
49.7,14,96000000,0
49.7339,9,80000000,0
49.8213,10,100000000,0
49.8233,6,92000000,0
49.9015,22,152000000,0
49.9684,20,92000000,0
50.0181,21,120000000,0
50.046,17,124000000,0
50.0727,14,100000000,0
50.4295,14,100000000,0
50.5375,18,116000000,0
50.5503,13,112000000,0
50.5972,11,104000000,0
50.6905,22,156000000,0
50.7204,13,112000000,0
50.7847,20,96000000,0
50.9239,12,116000000,0
50.9536,16,104000000,0
50.9675,7,96000000,0
51.0984,11,104000000,0
51.1727,14,108000000,0
51.2548,5,136000000,0
51.3161,23,120000000,0
51.4334,9,88000000,0
51.5035,23,120000000,0
51.5287,6,100000000,0
51.6956,14,112000000,0
51.7648,10,104000000,0
51.8303,16,108000000,0
51.8818,9,92000000,0
51.9052,6,100000000,0
51.9096,22,160000000,0
51.9433,13,116000000,0
52.061,12,128000000,0
52.1681,14,120000000,0
52.172,20,100000000,0
52.1736,24,100000000,0
52.2122,9,92000000,0
52.2128,17,136000000,0
52.2695,12,128000000,0
52.2759,21,124000000,0
52.2838,12,128000000,0
52.358,14,120000000,0
52.3794,18,120000000,0
52.5823,14,120000000,0
52.6086,17,136000000,0
52.6294,19,108000000,0
52.6422,24,100000000,0
52.7925,17,136000000,0
53.5381,22,164000000,0
53.7133,23,124000000,0
53.7446,10,116000000,0
53.8273,17,140000000,0
53.8668,13,120000000,0
53.8891,10,116000000,0
53.9182,20,104000000,0
53.9874,10,116000000,0
54.1761,16,112000000,0
54.3956,8,96000000,0
54.6176,9,96000000,0
54.8088,17,144000000,0
54.8949,8,96000000,0
54.9383,16,124000000,0
54.9774,16,124000000,0
54.9956,24,104000000,0
55.0582,12,132000000,0
55.1294,14,124000000,0
55.2368,20,108000000,0
55.2921,10,120000000,0
55.3286,16,124000000,0
55.3542,18,124000000,0
55.5967,8,108000000,0
55.8385,8,108000000,0
55.9005,20,112000000,0
56.1492,8,108000000,0
56.1801,19,112000000,0
56.2663,23,128000000,0
56.3036,21,132000000,0
56.452,16,132000000,0
56.5179,16,132000000,0
56.6039,21,132000000,0
56.7312,20,116000000,0
56.8239,12,136000000,0
57.1385,7,100000000,0
57.2613,5,144000000,0
57.3152,11,108000000,0
57.3452,5,144000000,0
57.4049,19,120000000,0
57.447,23,136000000,0
57.4718,20,120000000,0
57.5091,18,128000000,0
57.5145,21,140000000,0
57.576,10,132000000,0
57.5981,21,140000000,0
57.774,19,120000000,0
57.7796,9,100000000,0
57.7902,10,136000000,0
57.8417,14,128000000,0
57.9609,11,112000000,0
57.999,23,136000000,0
58.0267,7,104000000,0
58.0467,5,148000000,0
58.0785,8,112000000,0
58.0979,10,136000000,0
58.229,6,108000000,0
58.31,10,136000000,0
58.4505,6,108000000,0
58.5311,12,144000000,0
58.7581,19,128000000,0
58.8307,12,144000000,0
58.8676,7,108000000,0
58.9029,11,116000000,0
58.9687,19,128000000,0
59.0241,22,172000000,0
59.1846,22,172000000,0
59.4202,10,144000000,0
59.4918,10,144000000,0
59.631,8,120000000,0
59.9213,24,108000000,0
60.0097,5,152000000,0
60.0308,22,176000000,0
60.2569,8,120000000,0
60.3418,9,104000000,0
60.3926,12,148000000,0
60.4498,7,112000000,0
60.66,21,144000000,0
60.7545,23,148000000,0
60.7752,22,180000000,0
60.9088,13,124000000,0
61.0704,14,132000000,0
61.1074,23,148000000,0
61.13,18,136000000,0
61.1871,24,116000000,0
61.3238,23,148000000,0
61.3597,24,120000000,0
61.4972,18,140000000,0
61.7903,17,148000000,0
61.9682,24,132000000,0
62.0013,18,140000000,0
62.0336,12,156000000,0
62.1744,13,128000000,0
62.1746,24,132000000,0
62.2073,14,136000000,0
62.3749,24,132000000,0
62.4535,9,108000000,0
62.5138,24,132000000,0
62.6319,12,160000000,0
62.7612,17,156000000,0
62.9567,17,156000000,0
63.083,14,140000000,0
63.1346,12,160000000,0
63.3838,11,120000000,0
63.7129,15,116000000,0
63.8584,20,128000000,0
64.0023,22,192000000,0
64.0666,22,196000000,0
64.0762,10,148000000,0
64.0763,5,156000000,0
64.2803,20,128000000,0
64.3264,7,120000000,0
64.5162,14,148000000,0
64.5162,19,132000000,0
64.5314,11,124000000,0
64.5596,22,200000000,0
64.6704,15,120000000,0
64.6722,6,112000000,0
64.6899,7,120000000,0
64.7038,14,152000000,0
64.7282,22,200000000,0
64.8187,22,200000000,0
64.9707,13,132000000,0
65.0828,17,160000000,0
65.3626,14,156000000,0
65.4092,12,164000000,0
65.6779,10,156000000,0
65.7041,5,160000000,0
65.7075,14,156000000,0
65.8476,22,204000000,0
65.8596,7,128000000,0
65.8988,21,152000000,0
66.134,10,156000000,0
66.1613,18,144000000,0
66.382,12,168000000,0
66.4932,7,132000000,0
66.4987,21,156000000,0
66.7575,20,132000000,0
66.8777,19,136000000,0
66.9517,7,132000000,0
67.0039,21,156000000,0
67.0337,18,152000000,0
67.2709,14,160000000,0
67.3459,16,136000000,0
67.3506,5,164000000,0
67.6513,18,152000000,0
67.6657,8,124000000,0
67.7055,22,212000000,0
67.8323,22,212000000,0
67.9696,15,124000000,0
68.1052,20,140000000,0
68.2974,12,172000000,0
68.4104,5,168000000,0
68.5171,6,120000000,0
68.6738,20,140000000,0
68.8881,8,132000000,0
68.892,10,160000000,0
69.0604,15,128000000,0
69.0659,6,120000000,0
69.0728,12,180000000,0
69.0906,19,140000000,0
69.2381,12,180000000,0
69.3361,8,132000000,0
69.5291,9,112000000,0
69.5863,5,172000000,0
69.8228,17,168000000,0
70.092,17,168000000,0
70.1342,8,136000000,0
70.5366,22,216000000,0
70.8286,21,160000000,0
70.9154,16,148000000,0
70.9391,12,184000000,0
70.9684,14,164000000,0
71.0111,19,144000000,0
71.1388,11,128000000,0
71.1803,23,152000000,0
71.2989,8,140000000,0
71.3244,15,132000000,0
71.3286,10,164000000,0
71.3952,16,148000000,0
71.4428,16,148000000,0
71.5602,21,164000000,0
71.6784,9,116000000,0
71.7273,19,148000000,0
71.9666,24,140000000,0
72.0911,23,156000000,0
72.1014,16,152000000,0
72.107,11,132000000,0
72.2198,14,168000000,0
72.305,24,140000000,0
72.3912,8,144000000,0
72.6447,19,152000000,0
72.7382,9,120000000,0
72.8367,11,136000000,0
72.8901,13,140000000,0
72.9818,13,140000000,0
73.5677,10,168000000,0
73.6127,7,136000000,0
73.6321,8,152000000,0
73.86,24,144000000,0
73.89,8,152000000,0
74.0154,18,156000000,0
74.0759,22,220000000,0
74.1318,13,148000000,0
74.3785,13,148000000,0
74.4473,14,172000000,0
74.6381,5,180000000,0
74.7279,8,168000000,0
74.7556,5,180000000,0
74.8518,24,148000000,0
74.8971,7,140000000,0
74.9445,10,176000000,0
74.9673,10,176000000,0
74.9691,8,168000000,0
74.9737,19,156000000,0
75.0363,6,124000000,0
75.1138,17,180000000,0
75.1665,17,180000000,0
75.1776,8,168000000,0
75.1918,15,136000000,0
75.2248,8,168000000,0
75.2399,23,160000000,0
75.2471,17,180000000,0
75.4785,20,144000000,0
75.6698,14,176000000,0
76.0897,6,128000000,0
76.1549,8,172000000,0
76.1923,15,148000000,0
76.2292,9,124000000,0
76.2467,11,140000000,0
76.3453,10,184000000,0
76.5028,12,188000000,0
76.5029,17,184000000,0
76.545,21,168000000,0
76.7282,15,148000000,0
76.7328,14,184000000,0
76.8043,15,148000000,0
76.8807,20,156000000,0
76.9086,14,184000000,0
76.9388,10,184000000,0
76.9492,18,160000000,0
76.9955,13,156000000,0
77.0656,20,156000000,0
77.0907,9,128000000,0
77.1005,7,144000000,0
77.2925,13,156000000,0
77.4001,16,156000000,0
77.4633,12,192000000,0
77.5155,20,160000000,0
77.5254,22,232000000,0
77.5447,22,232000000,0
77.6632,22,236000000,0
78.0259,15,156000000,0
78.0897,9,132000000,0
78.1033,20,160000000,0
78.1572,15,156000000,0
78.2248,22,236000000,0
78.7477,12,196000000,0
78.798,18,164000000,0
78.8435,5,184000000,0
78.9438,13,160000000,0
78.957,20,168000000,0
79.2071,17,188000000,0
79.326,20,168000000,0
79.4386,24,152000000,0
79.55,14,196000000,0
79.5604,14,196000000,0
79.6262,9,144000000,0
79.7357,16,160000000,0
79.8167,22,240000000,0
79.846,9,144000000,0
79.8898,12,200000000,0
80.1095,19,164000000,0
80.1661,6,132000000,0
80.1834,14,196000000,0
80.207,20,172000000,0
80.217,9,144000000,0
80.3586,17,192000000,0
80.4011,5,188000000,0
80.4234,7,148000000,0
80.5621,16,168000000,0
80.6316,19,168000000,0
80.7962,22,248000000,0
80.8721,12,204000000,0
81.1037,7,152000000,0
81.1378,16,168000000,0
81.257,9,148000000,0
81.2902,19,168000000,0
81.487,22,248000000,0
81.5049,20,176000000,0
81.5765,14,204000000,0
81.7328,11,144000000,0
81.865,14,204000000,0
81.9026,23,164000000,0
82.1067,13,164000000,0
82.554,12,208000000,0
82.638,22,252000000,0
82.7623,21,176000000,0
82.7848,21,176000000,0
83.0287,5,196000000,0
83.1285,5,196000000,0
83.1728,23,172000000,0
83.2774,13,168000000,0
83.4434,23,172000000,0
83.647,9,160000000,0
83.7149,15,160000000,0
83.8475,17,196000000,0
83.8802,12,216000000,0
83.9483,12,216000000,0
83.9714,16,172000000,0
84.1731,9,160000000,0
84.1781,19,172000000,0
84.2466,10,188000000,0
84.3177,9,160000000,0
84.4732,8,176000000,0
84.6777,20,180000000,0
84.9006,11,152000000,0
84.9617,22,264000000,0
85.0281,11,152000000,0
85.2095,22,264000000,0
85.2368,17,204000000,0
85.4793,17,204000000,0
85.5351,22,264000000,0
85.5375,7,156000000,0
85.5827,15,164000000,0
85.7041,21,180000000,0
85.8461,8,180000000,0
85.9945,19,176000000,0
86.0059,20,184000000,0
86.0896,6,136000000,0
86.1901,12,220000000,0
86.3044,14,208000000,0
86.353,15,168000000,0
86.4992,9,164000000,0
86.5898,17,208000000,0
86.8115,18,168000000,0
86.855,23,176000000,0
87.0485,20,188000000,0
87.0813,21,184000000,0
87.1843,14,212000000,0
87.1875,12,228000000,0
87.2016,7,160000000,0
87.2236,12,228000000,0
87.4588,11,156000000,0
87.466,15,172000000,0
87.5645,10,192000000,0
88.0073,9,168000000,0
88.067,19,184000000,0
88.1552,23,180000000,0
88.1693,15,176000000,0
88.1721,6,140000000,0
88.1817,7,164000000,0
88.2034,19,184000000,0
88.2246,20,192000000,0
88.3491,8,184000000,0
88.5026,18,172000000,0
88.9115,14,216000000,0
88.9267,21,188000000,0
88.9849,22,268000000,0
89.069,24,156000000,0
89.2233,17,220000000,0
89.4002,12,232000000,0
89.4207,11,160000000,0
89.5471,17,220000000,0
89.6607,20,196000000,0
89.7384,22,272000000,0
89.825,17,224000000,0
89.9058,15,180000000,0
90.0506,21,192000000,0
90.1242,5,200000000,0
90.1391,8,188000000,0
90.4247,17,224000000,0
90.493,14,220000000,0
90.7674,24,168000000,0
90.9341,19,188000000,0
90.9576,24,168000000,0
90.9819,9,176000000,0
91.099,7,176000000,0
91.131,7,176000000,0
91.1437,11,164000000,0
91.1991,24,168000000,0
91.3634,9,176000000,0
91.5207,7,180000000,0
91.9982,10,196000000,0
92.0061,18,176000000,0
92.0946,7,180000000,0
92.1552,14,224000000,0
92.1567,8,192000000,0
92.2433,23,184000000,0
92.373,16,180000000,0
92.4244,12,236000000,0
92.4388,20,204000000,0
92.518,19,192000000,0
92.5271,13,172000000,0
92.5486,11,168000000,0
92.7941,16,180000000,0
92.7967,20,204000000,0
92.8322,22,276000000,0
92.8692,7,184000000,0
92.9041,5,204000000,0
92.9066,15,184000000,0
93.3386,12,244000000,0
93.4322,13,176000000,0
93.4606,19,196000000,0
93.4873,20,212000000,0
93.6886,21,196000000,0
93.7579,12,244000000,0
93.7935,22,280000000,0
93.8511,20,212000000,0
94.0007,14,228000000,0
94.3568,23,192000000,0
94.363,10,204000000,0
94.3987,15,188000000,0
94.4922,9,180000000,0
94.5834,8,196000000,0
94.6255,10,204000000,0
94.6869,23,192000000,0
94.7108,16,184000000,0
94.7958,20,216000000,0
94.9696,11,172000000,0
95.3369,13,180000000,0
95.4046,7,192000000,0
95.5108,12,252000000,0
95.6208,5,212000000,0
95.8846,8,200000000,0
95.8878,5,212000000,0
95.9501,7,192000000,0
96.0141,12,256000000,0
96.2031,9,184000000,0
96.217,19,200000000,0
96.313,10,212000000,0
96.3205,12,256000000,0
96.6883,10,212000000,0
96.9325,15,196000000,0
96.9662,6,148000000,0
97.006,6,148000000,0
97.0424,19,204000000,0
97.1005,8,204000000,0
97.4897,15,196000000,0
97.5473,18,184000000,0
97.5567,13,184000000,0
97.5746,21,200000000,0
97.7283,11,176000000,0
97.7756,5,216000000,0
97.7812,10,216000000,0
97.7878,6,156000000,0
97.8198,6,156000000,0
97.9131,18,184000000,0
98.2262,23,196000000,0
98.2281,7,200000000,0
98.2821,15,200000000,0
98.4815,20,224000000,0
98.4946,14,232000000,0
98.5502,7,200000000,0
98.6024,9,192000000,0
98.6174,18,192000000,0
98.6686,9,192000000,0
98.9118,18,192000000,0
99.0891,20,224000000,0
99.1981,6,168000000,0
99.2423,14,236000000,0
99.4141,11,180000000,0
99.5529,6,168000000,0
99.6323,7,204000000,0
99.7482,6,172000000,0
100.244,21,204000000,0
100.305,9,196000000,0
100.31,11,184000000,0
100.341,14,240000000,0
100.402,6,172000000,0
100.425,12,268000000,0
100.482,22,284000000,0
100.637,12,268000000,0
100.794,18,196000000,0
100.809,7,208000000,0
100.985,10,220000000,0
101.009,12,268000000,0
101.304,15,204000000,0
101.382,17,228000000,0
101.452,24,172000000,0
101.486,6,180000000,0
101.831,10,228000000,0
101.848,6,180000000,0
102.002,20,228000000,0
102.183,13,188000000,0
102.351,18,200000000,0
102.475,10,228000000,0
102.508,11,192000000,0
102.514,23,200000000,0
102.525,11,192000000,0
102.565,12,272000000,0
102.626,6,184000000,0
102.658,15,208000000,0
102.658,16,188000000,0
102.775,8,212000000,0
102.868,21,208000000,0
102.956,14,244000000,0
103.186,10,232000000,0
103.199,20,236000000,0
103.232,20,236000000,0
103.244,24,180000000,0
103.28,5,220000000,0
103.348,11,196000000,0
103.408,8,216000000,0
103.445,19,208000000,0
103.551,16,196000000,0
103.597,16,196000000,0
103.618,24,184000000,0
103.742,21,212000000,0
103.825,7,212000000,0
103.952,8,216000000,0
104.027,24,184000000,0
104.052,22,288000000,0
104.242,5,224000000,0
104.339,18,208000000,0
104.368,13,192000000,0
104.415,10,236000000,0
104.813,18,208000000,0
104.946,20,240000000,0
104.996,23,204000000,0
105.074,19,216000000,0
105.313,21,216000000,0
105.393,14,252000000,0
105.398,14,252000000,0
105.406,5,228000000,0
105.455,8,220000000,0
105.549,19,216000000,0
105.691,15,216000000,0
105.786,13,200000000,0
105.906,15,216000000,0
106.108,11,200000000,0
106.177,14,256000000,0
106.315,9,204000000,0
106.366,13,204000000,0
106.389,8,224000000,0
106.591,12,276000000,0
106.639,6,192000000,0
106.823,13,212000000,0
106.928,9,204000000,0
107.008,6,192000000,0
107.216,24,188000000,0
107.261,19,228000000,0
107.276,13,212000000,0
107.317,22,292000000,0
107.378,21,224000000,0
107.448,13,216000000,0
107.505,15,220000000,0
107.572,19,228000000,0
107.591,7,216000000,0
107.754,21,224000000,0
107.841,19,228000000,0
107.844,5,236000000,0
107.926,6,196000000,0
108.03,20,244000000,0
108.073,13,216000000,0
108.32,15,236000000,0
108.366,5,236000000,0
108.582,9,212000000,0
108.614,15,236000000,0
108.672,9,212000000,0
108.734,18,212000000,0
108.918,15,236000000,0
108.989,15,236000000,0
109.352,22,296000000,0
109.37,13,220000000,0
109.525,20,252000000,0
109.615,11,208000000,0
109.714,12,280000000,0
109.72,8,228000000,0
109.739,6,200000000,0
109.788,7,220000000,0
109.882,11,208000000,0
110.001,20,252000000,0
110.088,17,232000000,0
110.202,19,232000000,0
110.378,23,208000000,0
110.517,12,284000000,0
110.565,18,216000000,0
110.833,10,240000000,0
110.906,21,228000000,0
111.32,6,204000000,0
111.37,22,300000000,0
111.445,5,240000000,0
111.468,24,196000000,0
111.715,24,196000000,0
111.807,8,236000000,0
111.871,9,216000000,0
111.922,16,200000000,0
112.175,13,224000000,0
112.199,5,244000000,0
112.296,18,220000000,0
112.343,20,260000000,0
112.377,8,236000000,0
112.42,12,288000000,0
112.72,24,200000000,0
112.829,7,224000000,0
112.944,20,260000000,0
113.217,23,212000000,0
113.302,10,244000000,0
113.554,13,228000000,0
113.563,19,236000000,0
113.672,9,220000000,0
113.684,17,240000000,0
114.112,11,212000000,0
114.129,12,292000000,0
114.218,17,240000000,0
114.441,13,232000000,0
114.852,17,244000000,0
114.875,6,208000000,0
115.058,10,248000000,0
115.185,21,236000000,0
115.482,21,236000000,0
115.518,24,204000000,0
115.746,18,224000000,0
115.826,6,212000000,0
116.219,11,216000000,0
116.234,14,260000000,0
116.257,17,252000000,0
116.258,7,228000000,0
116.412,10,252000000,0
116.48,18,228000000,0
116.489,13,236000000,0
116.762,17,252000000,0
116.918,19,240000000,0
116.932,5,248000000,0
117.193,15,240000000,0
117.298,22,304000000,0
117.493,10,256000000,0
117.676,5,252000000,0
117.866,13,240000000,0
118.034,23,216000000,0
118.213,6,220000000,0
118.273,6,220000000,0
118.42,7,232000000,0
119.004,15,248000000,0
119.187,24,212000000,0
119.269,5,260000000,0
119.28,5,260000000,0
119.329,13,244000000,0
119.427,14,268000000,0
119.451,15,248000000,0
119.7,24,212000000,0
119.75,16,204000000,0
119.76,8,240000000,0
119.85,21,240000000,0
119.88,9,228000000,0
119.956,14,268000000,0
120.245,9,232000000,0
120.313,18,232000000,0
120.395,7,236000000,0
120.652,9,232000000,0
121.069,5,264000000,0
121.088,12,300000000,0
121.134,17,256000000,0
121.142,19,244000000,0
121.176,21,248000000,0
121.238,20,264000000,0
121.303,12,300000000,0
121.691,21,252000000,0
121.84,11,220000000,0
122.099,5,276000000,0
122.242,6,224000000,0
122.265,21,252000000,0
122.382,5,276000000,0
122.413,12,312000000,0
122.498,18,236000000,0
122.51,12,312000000,0
122.549,19,248000000,0
122.56,12,312000000,0
122.563,14,272000000,0
122.757,5,276000000,0
122.794,7,240000000,0
123.172,20,268000000,0
123.173,15,252000000,0
123.24,6,228000000,0
123.363,22,308000000,0
123.555,7,252000000,0
123.849,20,272000000,0
123.885,5,280000000,0
123.907,7,252000000,0
123.981,16,208000000,0
124.089,7,252000000,0
124.246,23,220000000,0
124.265,14,276000000,0
124.475,9,240000000,0
124.579,24,220000000,0
124.632,12,316000000,0
124.712,9,240000000,0
124.743,10,260000000,0
124.879,7,260000000,0
125.077,21,256000000,0
125.138,20,280000000,0
125.166,24,220000000,0
125.321,18,240000000,0
125.363,7,260000000,0
125.421,6,240000000,0
125.46,22,312000000,0
125.526,20,284000000,0
125.628,17,260000000,0
125.729,6,240000000,0
125.752,6,240000000,0
125.768,15,256000000,0
125.915,23,224000000,0
125.959,20,288000000,0
126.11,9,244000000,0
126.304,5,284000000,0
126.395,16,212000000,0
126.518,20,288000000,0
126.945,14,284000000,0
126.971,14,284000000,0
127.188,22,316000000,0
127.235,21,268000000,0
127.36,7,268000000,0
127.405,21,268000000,0
127.424,7,268000000,0
127.479,21,268000000,0
127.502,11,224000000,0
127.612,16,216000000,0
127.615,5,288000000,0
127.717,12,320000000,0
127.77,20,296000000,0
127.976,18,244000000,0
128.004,13,248000000,0
128.03,20,296000000,0
128.502,11,228000000,0
128.589,17,264000000,0
128.611,14,288000000,0
128.629,9,248000000,0
128.859,22,320000000,0
129.504,12,328000000,0
129.635,23,228000000,0
129.683,11,232000000,0
129.69,15,260000000,0
129.704,12,328000000,0
129.719,17,268000000,0
129.763,9,252000000,0
130.043,7,280000000,0
130.056,7,280000000,0
130.088,24,224000000,0
130.116,22,324000000,0
130.184,21,272000000,0
130.454,7,280000000,0
130.549,20,300000000,0
130.569,16,220000000,0
130.653,23,232000000,0
130.791,10,264000000,0
130.905,5,296000000,0
130.939,19,252000000,0
131.092,12,336000000,0
131.375,5,300000000,0
131.413,12,336000000,0
131.618,23,236000000,0
131.876,10,268000000,0
131.937,11,236000000,0
131.937,5,300000000,0
131.952,21,284000000,0
132.015,24,228000000,0
132.081,14,296000000,0
132.119,21,284000000,0
132.225,21,284000000,0
132.296,22,328000000,0
132.509,14,296000000,0
132.528,8,248000000,0
132.669,7,292000000,0
132.782,7,292000000,0
133.004,9,256000000,0
133.129,8,248000000,0
133.175,23,240000000,0
133.219,21,292000000,0
133.228,11,240000000,0
133.326,7,296000000,0
133.419,16,228000000,0
133.681,7,296000000,0
133.73,21,292000000,0
133.734,12,340000000,0
133.91,17,272000000,0
134.025,16,232000000,0
134.504,7,304000000,0
134.551,22,332000000,0
134.554,12,344000000,0
134.559,16,236000000,0
134.591,9,260000000,0
134.658,10,272000000,0
134.733,18,248000000,0
134.871,7,312000000,0
134.902,11,244000000,0
135.14,15,264000000,0
135.177,16,240000000,0
135.225,19,256000000,0
135.341,7,312000000,0
135.413,16,240000000,0
135.441,7,312000000,0
135.484,14,300000000,0
135.552,20,304000000,0
135.806,24,232000000,0
135.939,18,252000000,0
135.951,23,244000000,0
136.225,6,244000000,0
136.455,21,300000000,0
136.496,19,260000000,0
136.583,14,308000000,0
136.708,14,308000000,0
136.744,20,308000000,0
136.842,21,300000000,0
136.845,16,244000000,0
137.036,15,272000000,0
137.139,8,252000000,0
137.358,9,264000000,0
137.37,18,260000000,0
137.372,6,252000000,0
137.402,11,248000000,0
137.458,5,304000000,0
137.533,18,260000000,0
137.544,20,312000000,0
137.645,13,252000000,0
137.657,15,272000000,0
137.954,6,252000000,0
138.266,14,312000000,0
138.305,22,336000000,0
138.341,24,236000000,0
138.667,13,256000000,0
138.687,20,320000000,0
138.793,20,320000000,0
138.892,7,316000000,0
139.038,9,268000000,0
139.117,15,276000000,0
139.205,19,268000000,0
139.245,10,276000000,0
139.252,19,268000000,0
139.319,12,348000000,0
139.378,18,268000000,0
139.414,18,268000000,0
139.539,16,248000000,0
139.674,13,264000000,0
139.779,14,316000000,0
139.813,7,320000000,0
139.934,20,324000000,0
140.293,6,256000000,0
140.33,17,280000000,0
140.375,13,264000000,0
140.428,18,276000000,0
140.544,18,280000000,0
140.902,8,256000000,0
140.991,17,280000000,0
141.033,5,308000000,0
141.087,7,324000000,0
141.136,18,280000000,0
141.151,20,332000000,0
141.247,24,240000000,0
141.605,23,252000000,0
141.636,23,252000000,0
141.652,17,284000000,0
141.808,20,332000000,0
141.989,7,328000000,0
142.044,15,280000000,0
142.182,22,340000000,0
142.287,8,260000000,0
142.613,12,352000000,0
142.678,5,316000000,0
142.738,11,252000000,0
143.003,5,316000000,0
143.08,21,304000000,0
143.116,23,256000000,0
143.416,18,288000000,0
143.431,18,288000000,0
143.75,10,280000000,0
143.811,9,272000000,0
143.954,16,252000000,0
143.989,19,272000000,0
144.099,6,264000000,0
144.361,13,272000000,0
144.471,21,308000000,0
144.486,24,244000000,0
144.515,15,284000000,0
144.625,22,344000000,0
144.694,6,264000000,0
144.7,8,264000000,0
144.762,18,292000000,0
144.771,11,256000000,0
144.789,13,272000000,0
144.825,20,336000000,0
144.841,12,356000000,0
145.168,24,248000000,0
145.22,10,284000000,0
145.348,9,276000000,0
145.425,8,272000000,0
145.477,19,280000000,0
145.558,22,352000000,0
145.647,17,292000000,0
145.69,19,280000000,0
145.796,22,352000000,0
145.825,5,324000000,0
145.872,8,272000000,0
146.277,17,296000000,0
146.34,5,328000000,0
146.352,23,260000000,0
146.721,8,280000000,0
146.774,5,336000000,0
146.797,11,260000000,0
146.876,17,296000000,0
146.914,8,280000000,0
146.916,10,288000000,0
147.006,14,320000000,0
147.026,15,296000000,0
147.173,13,276000000,0
147.176,15,296000000,0
147.223,6,276000000,0
147.241,5,340000000,0
147.345,12,364000000,0
147.389,5,340000000,0
147.44,20,340000000,0
147.448,6,276000000,0
147.526,19,284000000,0
147.586,15,296000000,0
147.624,5,340000000,0
147.646,6,276000000,0
147.68,18,300000000,0
147.709,8,284000000,0
147.771,7,332000000,0
147.779,18,300000000,0
147.888,16,260000000,0
147.895,22,364000000,0
147.955,12,364000000,0
148.068,22,364000000,0
148.194,20,344000000,0
148.24,9,280000000,0
148.243,14,328000000,0
148.367,21,316000000,0
148.42,18,308000000,0
148.458,16,260000000,0
148.463,14,328000000,0
148.543,22,364000000,0
148.628,21,316000000,0
148.739,6,284000000,0
148.75,6,284000000,0
148.85,8,288000000,0
148.914,7,336000000,0
149.004,18,312000000,0
149.282,13,280000000,0
149.562,8,292000000,0
149.603,18,316000000,0
149.637,16,272000000,0
149.679,15,300000000,0
149.775,23,264000000,0
149.777,11,268000000,0
149.885,16,272000000,0
149.908,16,272000000,0
149.956,22,368000000,0
150.255,18,320000000,0
150.286,8,296000000,0
150.341,11,268000000,0
150.345,18,320000000,0
150.475,19,296000000,0
150.581,6,288000000,0
150.937,19,296000000,0
150.969,22,372000000,0
150.969,21,320000000,0
151.005,19,296000000,0
151.071,18,324000000,0
151.189,10,296000000,0
151.198,15,304000000,0
151.502,10,296000000,0
151.577,23,268000000,0
151.588,12,368000000,0
151.6,5,344000000,0
151.842,16,276000000,0
151.891,7,340000000,0
151.943,14,336000000,0
152.016,18,328000000,0
152.16,14,336000000,0
152.177,8,300000000,0
152.312,24,252000000,0
152.402,5,352000000,0
152.436,21,324000000,0
152.472,13,288000000,0
152.484,13,288000000,0
152.672,11,272000000,0
152.916,10,300000000,0
153.035,5,352000000,0
153.083,12,372000000,0
153.205,7,352000000,0
153.249,7,352000000,0
153.302,7,352000000,0
153.483,16,288000000,0
153.651,10,304000000,0
153.83,24,260000000,0
154.016,16,292000000,0
154.047,16,292000000,0
154.08,17,300000000,0
154.121,11,276000000,0
154.201,14,340000000,0
154.236,24,260000000,0
154.255,9,284000000,0
154.315,12,376000000,0
154.365,18,332000000,0
154.409,16,296000000,0
154.713,8,304000000,0
154.959,23,272000000,0
155.022,16,296000000,0
155.044,15,308000000,0
155.249,9,288000000,0
155.269,10,308000000,0
155.277,6,292000000,0
155.821,7,356000000,0
155.826,16,300000000,0
155.982,5,364000000,0
156.041,8,308000000,0
156.062,24,264000000,0
156.194,21,328000000,0
156.251,15,312000000,0
156.41,5,364000000,0
156.529,5,364000000,0
156.585,16,304000000,0
156.696,11,284000000,0
156.846,8,312000000,0
156.874,11,284000000,0
156.915,17,308000000,0
156.925,20,348000000,0
157.172,18,336000000,0
157.186,9,292000000,0
157.216,23,276000000,0
157.291,10,312000000,0
157.292,17,312000000,0
157.616,12,384000000,0
157.617,5,368000000,0
157.64,17,316000000,0
157.793,12,384000000,0
158.011,14,348000000,0
158.015,14,348000000,0
158.064,17,316000000,0
158.069,7,360000000,0
158.109,8,316000000,0
158.259,15,316000000,0
158.264,6,300000000,0
158.514,21,332000000,0
158.702,6,300000000,0
158.727,9,300000000,0
158.757,10,320000000,0
158.803,18,340000000,0
158.87,23,280000000,0
158.927,7,364000000,0
159.161,15,324000000,0
159.167,15,324000000,0
159.171,10,320000000,0
159.242,9,304000000,0
159.368,8,320000000,0
159.552,17,324000000,0
159.698,18,344000000,0
159.725,9,304000000,0
159.833,7,368000000,0
159.856,21,336000000,0
159.867,16,316000000,0
160.082,17,324000000,0
160.132,16,316000000,0
160.228,16,316000000,0
160.321,13,292000000,0
160.431,19,300000000,0
160.481,22,376000000,0
160.553,5,372000000,0
160.732,18,348000000,0
160.878,7,376000000,0
160.91,7,376000000,0
160.946,14,356000000,0
161.029,14,356000000,0
161.478,24,268000000,0
161.541,5,376000000,0
161.683,23,284000000,0
161.74,14,360000000,0
161.769,16,324000000,0
161.77,11,288000000,0
162.197,13,296000000,0
162.3,16,324000000,0
162.309,6,304000000,0
162.365,24,272000000,0
162.437,7,380000000,0
162.788,15,328000000,0
162.909,20,352000000,0
163.022,16,332000000,0
163.205,22,384000000,0
163.302,7,384000000,0
163.318,16,332000000,0
163.494,23,288000000,0
163.52,6,308000000,0
163.547,22,388000000,0
163.81,5,380000000,0
163.897,18,352000000,0
163.912,8,324000000,0
164.089,22,388000000,0
164.196,14,364000000,0
164.423,16,336000000,0
164.535,19,312000000,0
164.536,19,312000000,0
164.536,11,292000000,0
164.56,23,296000000,0
164.573,17,328000000,0
164.701,21,340000000,0
164.814,9,308000000,0
164.866,23,296000000,0
165.064,19,312000000,0
165.267,20,356000000,0
165.297,13,300000000,0
165.305,16,340000000,0
165.327,10,324000000,0
165.813,11,296000000,0
165.823,18,356000000,0
165.855,22,396000000,0
165.959,17,332000000,0
166.057,19,316000000,0
166.063,15,332000000,0
166.219,16,344000000,0
166.227,24,280000000,0
166.261,24,280000000,0
166.279,21,344000000,0
166.529,22,396000000,0
166.57,18,364000000,0
166.793,14,368000000,0
166.855,19,320000000,0
166.947,17,340000000,0
166.993,18,368000000,0
167.04,23,300000000,0
167.36,18,368000000,0
167.384,9,312000000,0
167.404,21,352000000,0
167.51,12,388000000,0
167.548,17,340000000,0
167.714,5,384000000,0
167.801,21,352000000,0
167.869,7,392000000,0
167.891,20,364000000,0
168.075,19,328000000,0
168.257,7,392000000,0
168.302,20,364000000,0
168.457,19,332000000,0
168.46,9,320000000,0
168.52,14,372000000,0
168.541,24,288000000,0
168.732,13,308000000,0
168.745,12,392000000,0
168.765,18,372000000,0
168.781,24,288000000,0
168.95,6,316000000,0
168.962,10,336000000,0
169.008,20,368000000,0
169.013,9,320000000,0
169.024,5,388000000,0
169.037,19,340000000,0
169.057,11,300000000,0
169.077,15,336000000,0
169.191,23,304000000,0
169.2,10,336000000,0
169.254,10,336000000,0
169.368,13,308000000,0
169.463,19,344000000,0
169.463,6,316000000,0
169.545,18,380000000,0
169.545,19,344000000,0
169.614,14,380000000,0
169.849,9,324000000,0
169.895,19,344000000,0
170.032,18,380000000,0
170.078,7,396000000,0
170.282,14,388000000,0
170.379,10,344000000,0
170.415,17,352000000,0
170.649,15,340000000,0
170.679,19,348000000,0
170.681,17,352000000,0
170.698,10,344000000,0
170.794,14,388000000,0
170.835,17,352000000,0
170.891,20,372000000,0
170.941,14,388000000,0
171.461,23,316000000,0
171.488,11,316000000,0
171.535,23,316000000,0
171.567,10,348000000,0
171.649,13,312000000,0
171.683,11,316000000,0
171.71,5,396000000,0
171.837,11,316000000,0
171.974,11,316000000,0
172.012,5,400000000,0
172.079,21,360000000,0
172.092,23,320000000,0
172.149,15,344000000,0
172.242,8,328000000,0
172.248,18,384000000,0
172.251,17,356000000,0
172.29,22,400000000,0
172.329,9,328000000,0
172.348,21,360000000,0
172.37,23,320000000,0
172.479,5,400000000,0
172.67,16,348000000,0
173.039,23,324000000,0
173.117,6,320000000,0
173.449,19,352000000,0
173.505,24,292000000,0
173.604,22,412000000,0
173.644,10,352000000,0
173.7,16,352000000,0
173.839,8,332000000,0
173.878,9,336000000,0
173.9,7,400000000,0
173.974,22,412000000,0
174.038,22,412000000,0
174.045,20,376000000,0
174.062,9,336000000,0
174.32,24,296000000,0
174.359,19,356000000,0
174.384,14,392000000,0
174.582,21,364000000,0
174.618,18,392000000,0
174.817,20,380000000,0
174.844,18,392000000,0
174.975,15,348000000,0
175.287,11,320000000,0
175.367,24,300000000,0
175.594,13,316000000,0
175.642,17,360000000,0
175.729,9,340000000,0
176.094,18,396000000,0
176.131,7,404000000,0
176.296,22,416000000,0
176.383,23,328000000,0
176.621,19,360000000,0
176.961,6,324000000,0
176.993,7,408000000,0
177.032,16,356000000,0
177.049,8,336000000,0
177.168,11,324000000,0
177.505,15,352000000,0
177.526,10,360000000,0
177.673,12,396000000,0
177.73,24,308000000,0
177.74,20,384000000,0
177.797,24,308000000,0
177.803,13,320000000,0
178.045,18,400000000,0
178.05,14,396000000,0
178.125,10,364000000,0
178.404,12,400000000,0
178.504,22,428000000,0
178.723,16,360000000,0
178.737,13,324000000,0
178.739,23,332000000,0
178.78,10,364000000,0
178.789,22,428000000,0
178.953,22,428000000,0
178.955,19,364000000,0
179.013,11,328000000,0
179.065,24,316000000,0
179.067,24,316000000,0
179.183,8,344000000,0
179.19,7,412000000,0
179.227,17,364000000,0
179.334,21,372000000,0
179.414,6,328000000,0
179.45,23,336000000,0
179.68,8,344000000,0
179.805,21,372000000,0
180.02,17,368000000,0
180.302,5,404000000,0
180.496,18,404000000,0
180.61,11,332000000,0
180.673,23,340000000,0
181.376,17,372000000,0
181.469,18,408000000,0
181.517,9,344000000,0
181.541,6,332000000,0
181.56,7,416000000,0
181.795,11,336000000,0
181.849,14,408000000,0
181.916,23,348000000,0
181.966,14,408000000,0
182.114,15,356000000,0
182.207,19,368000000,0
182.22,6,336000000,0
182.272,8,352000000,0
182.338,14,408000000,0
182.36,7,424000000,0
182.369,13,328000000,0
182.416,23,352000000,0
182.696,7,424000000,0
182.697,18,412000000,0
182.716,23,352000000,0
182.86,21,376000000,0
182.881,8,352000000,0
183.203,11,344000000,0
183.554,11,344000000,0
183.579,20,388000000,0
183.664,16,364000000,0
183.834,10,372000000,0
183.847,13,336000000,0
183.905,21,384000000,0
184.019,18,416000000,0
184.029,8,360000000,0
184.083,6,340000000,0
184.088,23,360000000,0
184.1,13,336000000,0
184.186,23,360000000,0
184.199,22,436000000,0
184.203,10,372000000,0
184.237,5,416000000,0
184.283,7,428000000,0
184.31,15,360000000,0
184.319,21,384000000,0
184.351,19,372000000,0
184.414,9,348000000,0
184.479,8,360000000,0
184.565,20,396000000,0
184.577,20,396000000,0
184.581,22,436000000,0
184.69,5,420000000,0
184.735,5,420000000,0
184.997,11,348000000,0
185.002,23,364000000,0
185.143,21,388000000,0
185.234,5,420000000,0
185.284,18,420000000,0
185.287,16,368000000,0
185.341,7,432000000,0
185.368,20,400000000,0
185.563,14,412000000,0
185.618,13,340000000,0
185.706,6,344000000,0
185.711,9,352000000,0
185.819,17,376000000,0
186.169,15,364000000,0
186.192,11,352000000,0
186.391,16,372000000,0
186.753,10,376000000,0
187.047,17,380000000,0
187.109,18,428000000,0
187.17,23,372000000,0
187.242,18,428000000,0
187.261,19,380000000,0
187.402,5,428000000,0
187.433,8,364000000,0
187.446,23,372000000,0
187.535,24,320000000,0
187.643,15,368000000,0
187.744,19,384000000,0
187.755,12,404000000,0
187.766,7,436000000,0
188.002,5,428000000,0
188.134,18,432000000,0
188.212,24,324000000,0
188.258,19,384000000,0
188.421,6,348000000,0
188.425,13,348000000,0
188.665,14,416000000,0
188.707,11,360000000,0
188.717,21,392000000,0
188.967,13,348000000,0
189.01,7,440000000,0
189.011,16,376000000,0
189.096,5,432000000,0
189.15,11,360000000,0
189.151,24,328000000,0
189.303,9,356000000,0
189.327,8,368000000,0
189.717,19,392000000,0
189.719,19,392000000,0
189.867,18,440000000,0
189.903,22,440000000,0
189.995,13,356000000,0
190.098,21,396000000,0
190.11,18,440000000,0
190.311,8,372000000,0
190.466,19,400000000,0
190.573,13,356000000,0
190.678,19,400000000,0
190.961,16,380000000,0
191.066,8,376000000,0
191.172,24,332000000,0
191.239,21,400000000,0
191.33,11,364000000,0
191.495,12,412000000,0
191.533,18,448000000,0
191.584,18,448000000,0
191.61,12,412000000,0
191.918,6,352000000,0
191.96,21,412000000,0
191.988,5,440000000,0
192.063,21,412000000,0
192.088,21,412000000,0
192.102,5,440000000,0
192.109,23,376000000,0
192.664,6,356000000,0
192.876,16,388000000,0
192.877,18,452000000,0
193.202,21,420000000,0
193.325,16,388000000,0
193.383,15,376000000,0
193.458,22,444000000,0
193.513,11,368000000,0
193.514,14,420000000,0
193.589,21,420000000,0
193.873,15,376000000,0
194.041,12,416000000,0
194.041,18,460000000,0
194.145,5,444000000,0
194.153,17,384000000,0
194.256,7,444000000,0
194.434,10,380000000,0
194.567,18,460000000,0
194.688,12,420000000,0
194.892,22,448000000,0
194.997,8,380000000,0
195.028,5,448000000,0
195.349,12,424000000,0
195.428,7,448000000,0
195.434,17,388000000,0
195.512,13,360000000,0
195.565,16,396000000,0
195.918,16,396000000,0
195.941,8,384000000,0
195.951,23,380000000,0
196.117,10,384000000,0
196.343,12,428000000,0
196.347,6,360000000,0
196.579,24,340000000,0
196.611,9,360000000,0
196.731,10,388000000,0
196.83,13,368000000,0
196.869,24,344000000,0
197.021,5,452000000,0
197.029,16,404000000,0
197.08,19,404000000,0
197.192,16,404000000,0
197.27,12,432000000,0
197.277,24,344000000,0
197.308,13,368000000,0
197.389,14,424000000,0
197.401,20,404000000,0
197.476,18,464000000,0
198.025,9,368000000,0
198.218,9,368000000,0
198.372,24,348000000,0
198.426,22,456000000,0
198.59,12,436000000,0
198.717,11,376000000,0
198.733,11,376000000,0
199.062,22,456000000,0
199.122,8,388000000,0
199.184,7,452000000,0
199.318,17,396000000,0
199.334,15,380000000,0
199.456,13,376000000,0
199.493,17,396000000,0
199.731,13,376000000,0
199.775,12,444000000,0
199.777,10,392000000,0
199.931,19,408000000,0
200.081,6,364000000,0
200.195,12,444000000,0
200.299,15,384000000,0
200.422,8,396000000,0
200.459,16,408000000,0
200.608,5,456000000,0
200.825,6,368000000,0
200.836,14,432000000,0
200.839,21,424000000,0
200.921,11,384000000,0
200.948,8,396000000,0
201.208,16,412000000,0
201.324,11,388000000,0
201.348,5,464000000,0
201.381,14,432000000,0
201.74,6,372000000,0
201.747,23,388000000,0
201.797,18,468000000,0
201.836,11,388000000,0
201.875,5,464000000,0
201.941,9,372000000,0
202.148,8,404000000,0
202.152,23,388000000,0
202.192,19,412000000,0
202.505,8,404000000,0
202.629,12,448000000,0
202.632,24,352000000,0
202.663,22,460000000,0
202.915,11,392000000,0
203.177,15,388000000,0
203.294,14,436000000,0
203.393,9,380000000,0
203.451,12,452000000,0
203.605,8,408000000,0
203.908,15,396000000,0
203.909,9,380000000,0
203.98,24,360000000,0
204.032,11,396000000,0
204.135,15,396000000,0
204.172,16,420000000,0
204.341,24,368000000,0
204.366,16,420000000,0
204.439,17,400000000,0
204.533,22,464000000,0
204.585,24,368000000,0
204.706,24,368000000,0
204.905,5,472000000,0
205.044,10,396000000,0
205.093,23,392000000,0
205.151,16,424000000,0
205.16,12,460000000,0
205.239,21,432000000,0
205.32,19,416000000,0
205.333,22,468000000,0
205.361,12,464000000,0
205.392,13,384000000,0
205.497,11,400000000,0
205.506,5,472000000,0
205.538,8,412000000,0
205.635,21,432000000,0
205.689,13,384000000,0
205.839,6,376000000,0
205.947,12,464000000,0
205.981,10,400000000,0
206.176,23,396000000,0
206.208,14,440000000,0
206.294,24,372000000,0
206.652,22,472000000,0
206.734,17,404000000,0
207.151,21,436000000,0
207.163,23,400000000,0
207.339,16,428000000,0
207.514,18,472000000,0
207.709,8,416000000,0
207.815,21,440000000,0
208.298,19,420000000,0
208.409,8,420000000,0
208.453,10,404000000,0
208.555,23,404000000,0
208.816,11,404000000,0
208.828,9,388000000,0
208.829,13,388000000,0
208.953,14,444000000,0
209.018,12,472000000,0
209.027,24,376000000,0
209.172,9,388000000,0
209.246,12,472000000,0
209.551,22,476000000,0
209.645,10,408000000,0
209.721,21,448000000,0
209.8,24,380000000,0
209.857,19,428000000,0
209.893,16,432000000,0
209.925,9,392000000,0
209.94,11,408000000,0
210.096,7,456000000,0
210.115,21,448000000,0
210.223,12,476000000,0
210.241,8,428000000,0
210.437,22,484000000,0
210.512,19,428000000,0
210.558,8,428000000,0
210.619,22,484000000,0
210.679,15,404000000,0
210.742,24,388000000,0
210.796,11,416000000,0
210.851,15,404000000,0
210.874,23,420000000,0
210.99,23,420000000,0
211.028,11,416000000,0
211.186,24,388000000,0
211.248,23,424000000,0
211.309,23,424000000,0
211.498,21,452000000,0
211.559,8,432000000,0
211.757,23,424000000,0
211.766,17,416000000,0
211.909,17,420000000,0
211.981,9,396000000,0
212.052,20,412000000,0
212.064,20,412000000,0
212.106,14,452000000,0
212.134,14,452000000,0
212.298,17,420000000,0
212.354,21,456000000,0
212.4,11,420000000,0
212.445,17,420000000,0
212.456,5,476000000,0
212.667,18,480000000,0
212.713,10,412000000,0
212.914,18,480000000,0
213.101,22,488000000,0
213.186,8,440000000,0
213.451,7,468000000,0
213.452,14,456000000,0
213.487,8,440000000,0
213.644,12,480000000,0
213.66,19,432000000,0
213.812,7,468000000,0
213.872,24,392000000,0
213.935,6,380000000,0
214.147,7,468000000,0
214.315,9,400000000,0
214.361,5,480000000,0
215.303,15,408000000,0
215.312,21,460000000,0
215.428,11,424000000,0
215.543,16,440000000,0
215.551,12,492000000,0
215.694,14,464000000,0
215.769,12,492000000,0
215.818,12,492000000,0
215.839,14,464000000,0
215.883,24,396000000,0
216.138,23,428000000,0
216.234,16,444000000,0
216.346,22,492000000,0
216.368,21,472000000,0
216.372,10,416000000,0
216.514,21,472000000,0
216.748,16,444000000,0
216.763,7,476000000,0
216.825,21,472000000,0
216.925,17,424000000,0
217.31,7,476000000,0
217.324,18,484000000,0
217.47,10,420000000,0
217.499,23,432000000,0
217.595,13,392000000,0
217.722,20,420000000,0
217.75,19,436000000,0
218.261,15,412000000,0
218.275,10,424000000,0
218.307,17,428000000,0
218.353,6,388000000,0
218.358,20,420000000,0
218.363,12,496000000,0
218.419,14,468000000,0
218.519,9,404000000,0
218.599,22,496000000,0
218.851,6,388000000,0
218.905,8,448000000,0
219.024,8,448000000,0
219.351,19,440000000,0
219.367,11,428000000,0
219.499,17,436000000,0
219.522,10,428000000,0
219.673,12,500000000,0
219.951,17,436000000,0
219.954,8,452000000,0
220.15,14,472000000,0
220.364,20,424000000,0
220.466,10,432000000,0
220.739,12,508000000,0
220.765,23,436000000,0
220.821,7,480000000,0
220.979,22,500000000,0
221.079,24,400000000,0
221.242,21,476000000,0
221.272,9,412000000,0
221.279,12,512000000,0
221.557,11,436000000,0
221.69,9,412000000,0
221.83,14,476000000,0
221.838,24,404000000,0
221.889,12,520000000,0
221.909,11,436000000,0
221.93,19,448000000,0
222.091,12,520000000,0
222.465,19,448000000,0
222.537,12,520000000,0
222.748,8,456000000,0
222.777,6,392000000,0
222.803,14,480000000,0
222.873,15,416000000,0
222.911,16,448000000,0
222.959,20,428000000,0
223.039,5,484000000,0
223.193,21,480000000,0
223.395,12,524000000,0
223.511,10,444000000,0
223.518,10,444000000,0
223.774,8,460000000,0
223.814,14,484000000,0
223.85,20,432000000,0
224.143,10,444000000,0
224.207,5,488000000,0
224.283,15,420000000,0
224.297,13,396000000,0
224.357,11,444000000,0
224.405,18,488000000,0
224.456,23,440000000,0
224.546,11,444000000,0
224.692,19,452000000,0
224.817,6,396000000,0
224.896,22,504000000,0
225.181,16,452000000,0
225.483,14,492000000,0
225.525,23,444000000,0
225.531,14,492000000,0
225.699,10,448000000,0
225.807,12,528000000,0
225.925,18,492000000,0
226.094,8,464000000,0
226.11,24,408000000,0
226.191,19,456000000,0
226.329,7,484000000,0
226.918,10,452000000,0
227.221,23,448000000,0
227.338,13,400000000,0
227.422,21,484000000,0
227.455,19,460000000,0
227.749,10,456000000,0
227.866,8,472000000,0
228.414,8,472000000,0
228.415,21,492000000,0
228.444,10,460000000,0
228.488,16,456000000,0
228.49,22,512000000,0
228.579,11,448000000,0
228.625,20,440000000,0
228.704,20,444000000,0
228.731,9,416000000,0
228.738,21,496000000,0
228.83,13,404000000,0
228.877,14,496000000,0
229.11,7,496000000,0
229.115,22,512000000,0
229.261,21,496000000,0
229.374,7,496000000,0
229.396,20,444000000,0
229.516,19,464000000,0
229.548,16,464000000,0
229.695,7,496000000,0
229.762,23,452000000,0
229.767,10,468000000,0
229.78,13,408000000,0
229.935,6,400000000,0
229.956,22,520000000,0
229.994,16,468000000,0
230.109,21,500000000,0
230.266,12,536000000,0
230.292,8,484000000,0
230.355,16,468000000,0
230.379,22,520000000,0
230.393,12,536000000,0
230.394,10,468000000,0
230.56,24,412000000,0
230.618,23,456000000,0
230.646,8,484000000,0
230.86,8,492000000,0
230.862,21,504000000,0
230.935,7,504000000,0
231.034,5,492000000,0
231.121,19,468000000,0
231.153,7,504000000,0
231.448,8,496000000,0
231.565,8,496000000,0
231.876,13,412000000,0
231.932,24,416000000,0
232.01,14,504000000,0
232.078,12,544000000,0
232.091,16,476000000,0
232.095,8,496000000,0
232.254,23,460000000,0
232.307,16,476000000,0
232.37,7,508000000,0
232.584,12,544000000,0
232.629,15,424000000,0
232.643,14,504000000,0
232.841,17,444000000,0
233.163,17,444000000,0
233.372,12,552000000,0
233.469,16,484000000,0
233.613,9,420000000,0
233.639,16,484000000,0
233.688,12,556000000,0
233.738,20,448000000,0
233.81,13,424000000,0
233.843,5,496000000,0
233.852,14,508000000,0
233.916,13,424000000,0
233.999,18,496000000,0
234.222,8,500000000,0
234.268,12,556000000,0
234.421,13,424000000,0
234.44,19,472000000,0
234.48,21,508000000,0
234.502,24,420000000,0
234.678,16,492000000,0
234.685,16,492000000,0
234.72,20,452000000,0
234.844,18,504000000,0
234.971,18,504000000,0
235.146,5,500000000,0
235.319,23,464000000,0
235.404,21,512000000,0
235.496,19,476000000,0
235.533,9,424000000,0
235.575,10,476000000,0
235.797,10,476000000,0
235.844,17,456000000,0
235.875,11,452000000,0
235.887,16,496000000,0
236.033,5,504000000,0
236.035,17,456000000,0
236.067,22,532000000,0
236.104,23,468000000,0
236.24,20,456000000,0
236.412,22,532000000,0
236.491,17,456000000,0
236.523,6,404000000,0
236.538,7,516000000,0
236.573,24,424000000,0
236.716,7,516000000,0
236.74,18,508000000,0
236.783,22,532000000,0
236.878,14,512000000,0
237.209,23,472000000,0
237.221,6,408000000,0
237.337,8,512000000,0
237.348,13,428000000,0
237.627,8,512000000,0
237.656,19,480000000,0
237.899,8,512000000,0
238.115,15,428000000,0
238.117,18,512000000,0
238.405,14,516000000,0
238.433,10,480000000,0
238.769,11,460000000,0
238.802,12,560000000,0
239.053,9,428000000,0
239.07,6,412000000,0
239.305,11,460000000,0
239.312,7,520000000,0
239.319,13,432000000,0
239.713,10,484000000,0
240.414,19,484000000,0
240.589,7,528000000,0
240.631,18,524000000,0
240.984,18,524000000,0
241.019,22,540000000,0
241.022,9,432000000,0
241.128,7,528000000,0
241.16,5,508000000,0
241.251,18,524000000,0
241.283,17,460000000,0
241.411,14,520000000,0
241.604,12,564000000,0
241.646,22,540000000,0
241.649,6,416000000,0
241.716,15,432000000,0
241.852,20,460000000,0
242.026,7,532000000,0
242.129,17,472000000,0
242.255,17,472000000,0
242.327,13,436000000,0
242.52,10,488000000,0
242.564,9,436000000,0
242.599,21,516000000,0
242.649,23,476000000,0
242.704,17,472000000,0
242.835,7,540000000,0
242.854,5,512000000,0
242.877,18,532000000,0
242.89,19,488000000,0
243.074,18,532000000,0
243.318,6,424000000,0
243.368,15,436000000,0
243.396,7,540000000,0
243.444,10,496000000,0
243.523,13,440000000,0
243.674,22,544000000,0
243.777,8,516000000,0
243.814,10,496000000,0
243.886,6,424000000,0
243.919,5,520000000,0
244.11,12,572000000,0
244.12,5,520000000,0
244.477,18,536000000,0
244.543,12,572000000,0
244.883,24,428000000,0
244.992,9,440000000,0
245.067,23,480000000,0
245.134,8,520000000,0
245.268,13,444000000,0
245.316,10,504000000,0
245.39,10,504000000,0
245.477,6,428000000,0
245.478,7,548000000,0
245.501,7,548000000,0
245.597,24,432000000,0
245.7,20,464000000,0
245.92,13,448000000,0
246.138,8,524000000,0
246.277,19,492000000,0
246.294,7,552000000,0
246.307,15,440000000,0
246.354,12,576000000,0
246.398,6,432000000,0
246.415,5,528000000,0
246.451,20,468000000,0
246.82,5,528000000,0
246.915,17,476000000,0
246.972,18,540000000,0
246.979,16,500000000,0
247.102,9,444000000,0
247.283,20,476000000,0
247.296,24,436000000,0
247.312,19,496000000,0
247.382,14,524000000,0
247.397,11,464000000,0
247.611,17,484000000,0
247.682,17,484000000,0
247.712,20,476000000,0
247.744,6,436000000,0
247.797,18,552000000,0
247.832,18,552000000,0
248.045,16,508000000,0
248.076,12,580000000,0
248.117,5,532000000,0
248.152,13,456000000,0
248.225,13,456000000,0
248.329,18,556000000,0
248.354,16,508000000,0
248.399,14,528000000,0
248.847,8,528000000,0
248.873,10,508000000,0
248.92,18,560000000,0
248.963,7,556000000,0
249.027,17,488000000,0
249.145,6,444000000,0
249.165,21,520000000,0
249.189,18,560000000,0
249.272,6,444000000,0
249.297,15,444000000,0
249.407,23,484000000,0
249.612,24,440000000,0
249.657,9,448000000,0
249.878,21,524000000,0
250.59,13,460000000,0
250.679,6,448000000,0
250.905,22,548000000,0
250.925,18,564000000,0
251.289,14,532000000,0
251.604,5,536000000,0
251.694,12,584000000,0
251.854,22,552000000,0
251.926,19,504000000,0
251.935,23,492000000,0
252.045,23,496000000,0
252.058,21,528000000,0
252.061,11,472000000,0
252.323,19,504000000,0
252.343,13,468000000,0
252.443,8,532000000,0
252.466,24,444000000,0
252.512,13,468000000,0
252.636,11,472000000,0
252.674,21,532000000,0
252.679,23,500000000,0
252.68,9,452000000,0
252.735,10,512000000,0
252.789,23,500000000,0
253.022,16,512000000,0
253.44,17,500000000,0
253.467,24,452000000,0
253.551,15,452000000,0
253.675,17,508000000,0
253.851,15,456000000,0
253.947,14,536000000,0
253.96,24,452000000,0
253.99,21,544000000,0
254.013,21,544000000,0
254.098,16,520000000,0
254.128,17,512000000,0
254.139,17,512000000,0
254.177,12,592000000,0
254.268,17,512000000,0
254.28,21,544000000,0
254.305,5,540000000,0
254.35,6,452000000,0
254.362,23,508000000,0
254.394,15,464000000,0
254.419,17,512000000,0
254.501,23,508000000,0
254.509,12,592000000,0
254.54,15,464000000,0
254.651,13,472000000,0
254.792,16,524000000,0
254.92,15,464000000,0
254.926,9,460000000,0
254.949,22,560000000,0
254.977,22,564000000,0
255.104,6,460000000,0
255.184,14,540000000,0
255.235,16,524000000,0
255.355,6,464000000,0
255.358,24,456000000,0
255.429,9,464000000,0
255.475,20,484000000,0
255.695,22,568000000,0
255.719,23,512000000,0
255.903,6,464000000,0
255.97,20,484000000,0
255.989,9,464000000,0
256.004,22,568000000,0
256.024,15,468000000,0
256.091,14,544000000,0
256.294,8,536000000,0
256.425,10,516000000,0
256.506,12,600000000,0
256.789,12,600000000,0
256.852,24,460000000,0
256.867,15,476000000,0
257.059,23,516000000,0
257.139,18,568000000,0
257.327,16,528000000,0
257.368,17,516000000,0
257.369,9,472000000,0
257.412,15,476000000,0
257.586,22,572000000,0
257.643,7,560000000,0
257.721,9,472000000,0
257.8,13,476000000,0
257.815,6,472000000,0
258.002,19,508000000,0
258.041,18,572000000,0
258.116,15,480000000,0
258.15,5,544000000,0
258.222,6,472000000,0
258.427,16,536000000,0
258.515,16,536000000,0
258.619,21,548000000,0
258.634,8,540000000,0
258.634,19,516000000,0
258.68,19,516000000,0
258.723,18,576000000,0
258.863,7,564000000,0
258.986,12,604000000,0
258.988,14,548000000,0
259.119,11,476000000,0
259.848,11,484000000,0
259.96,19,528000000,0
260.006,16,540000000,0
260.026,23,520000000,0
260.059,19,528000000,0
260.098,11,484000000,0
260.167,18,580000000,0
260.238,13,480000000,0
260.304,12,608000000,0
260.363,22,576000000,0
260.418,19,528000000,0
261.247,12,616000000,0
261.273,18,584000000,0
261.277,23,524000000,0
261.471,9,480000000,0
261.746,12,616000000,0
261.907,24,468000000,0
261.942,21,556000000,0
262.061,20,488000000,0
262.121,6,480000000,0
262.171,9,480000000,0
262.201,21,556000000,0
262.202,5,548000000,0
262.27,24,468000000,0
262.315,19,532000000,0
262.357,22,580000000,0
262.641,6,484000000,0
263.102,16,548000000,0
263.203,6,484000000,0
263.443,15,484000000,0
263.61,7,568000000,0
263.618,16,548000000,0
263.766,20,492000000,0
263.78,11,488000000,0
263.926,23,532000000,0
263.999,6,488000000,0
264.005,14,552000000,0
264.213,24,476000000,0
264.297,8,544000000,0
264.304,23,532000000,0
264.415,21,560000000,0
264.569,7,572000000,0
264.654,11,500000000,0
264.706,9,484000000,0
264.706,17,520000000,0
264.731,24,476000000,0
264.733,12,624000000,0
264.801,12,624000000,0
264.92,15,488000000,0
265.053,10,524000000,0
265.173,11,508000000,0
265.184,22,584000000,0
265.275,11,512000000,0
265.443,19,540000000,0
265.466,19,540000000,0
265.543,11,512000000,0
265.546,11,512000000,0
265.656,23,536000000,0
265.668,10,536000000,0
265.772,5,552000000,0
265.835,21,564000000,0
265.855,11,512000000,0
265.887,14,560000000,0
265.922,12,628000000,0
265.957,13,488000000,0
265.965,10,536000000,0
266.033,7,576000000,0
266.061,10,536000000,0
266.134,13,488000000,0
266.135,6,492000000,0
266.195,16,552000000,0
266.198,14,560000000,0
266.233,24,480000000,0
266.25,10,536000000,0
266.31,8,548000000,0
266.737,23,540000000,0
266.896,5,556000000,0
266.991,8,552000000,0
267.042,19,544000000,0
267.137,11,516000000,0
267.195,14,564000000,0
267.195,20,500000000,0
267.282,12,632000000,0
267.361,20,500000000,0
267.394,24,484000000,0
267.409,21,568000000,0
267.452,23,548000000,0
267.558,18,588000000,0
267.613,17,524000000,0
267.617,7,584000000,0
267.658,6,496000000,0
267.839,23,548000000,0
267.983,7,584000000,0
268.009,16,560000000,0
268.122,16,560000000,0
268.241,21,572000000,0
268.667,9,488000000,0
268.789,13,492000000,0
268.95,8,564000000,0
269.058,8,564000000,0
269.062,10,540000000,0
269.078,22,588000000,0
269.135,16,564000000,0
269.157,8,564000000,0
269.184,12,636000000,0
269.246,24,488000000,0
269.7,17,528000000,0
269.898,19,548000000,0
270.124,13,496000000,0
270.298,14,568000000,0
270.49,12,640000000,0
270.51,7,592000000,0
270.561,23,552000000,0
270.862,20,508000000,0
270.932,6,512000000,0
271.092,7,592000000,0
271.093,6,512000000,0
271.167,6,512000000,0
271.216,16,572000000,0
271.267,6,512000000,0
271.343,8,568000000,0
271.438,21,576000000,0
271.442,22,592000000,0
271.459,13,500000000,0
271.488,20,512000000,0
271.491,16,572000000,0
271.5,24,492000000,0
271.666,20,516000000,0
271.896,18,592000000,0
272.15,16,576000000,0
272.205,12,644000000,0
272.263,20,520000000,0
272.27,7,596000000,0
272.476,21,580000000,0
272.513,5,560000000,0
272.706,14,576000000,0
272.867,24,500000000,0
272.878,6,516000000,0
272.883,18,596000000,0
272.885,20,520000000,0
273.118,24,500000000,0
273.176,14,576000000,0
273.202,8,572000000,0
273.452,5,564000000,0
273.654,11,520000000,0
273.716,15,492000000,0
273.782,19,552000000,0
273.889,20,524000000,0
274.051,13,504000000,0
274.144,16,580000000,0
274.449,10,544000000,0
274.493,6,520000000,0
274.525,9,492000000,0
274.668,7,600000000,0
274.721,12,648000000,0
275.282,11,524000000,0
275.293,9,500000000,0
275.329,14,580000000,0
275.374,9,500000000,0
275.401,7,608000000,0
275.765,7,608000000,0
275.872,6,528000000,0
275.959,6,528000000,0
276.113,23,556000000,0
276.253,24,512000000,0
276.282,24,512000000,0
276.313,19,560000000,0
276.372,17,536000000,0
276.462,17,536000000,0
276.594,5,568000000,0
276.609,16,584000000,0
276.678,22,596000000,0
276.749,13,512000000,0
276.764,24,520000000,0
276.827,19,560000000,0
276.918,24,524000000,0
277.027,14,584000000,0
277.032,10,552000000,0
277.18,24,524000000,0
277.282,10,552000000,0
277.345,13,512000000,0
277.365,15,496000000,0
277.516,24,524000000,0
277.542,23,560000000,0
277.827,19,564000000,0
277.999,5,572000000,0
278.112,8,576000000,0
278.382,24,528000000,0
278.658,20,532000000,0
278.687,20,532000000,0
278.806,14,592000000,0
278.834,22,600000000,0
278.876,13,520000000,0
278.943,10,556000000,0
279.006,13,520000000,0
279.101,18,608000000,0
279.126,14,592000000,0
279.142,17,540000000,0
279.294,6,532000000,0
279.356,24,536000000,0
279.542,24,536000000,0
279.588,18,608000000,0
279.708,13,524000000,0
279.714,18,608000000,0
279.828,23,564000000,0
280.383,19,572000000,0
280.48,20,536000000,0
280.587,15,508000000,0
280.602,19,572000000,0
280.625,12,652000000,0
280.897,13,532000000,0
280.921,22,604000000,0
280.975,15,512000000,0
280.978,15,512000000,0
281.253,10,560000000,0
281.279,8,584000000,0
281.282,13,532000000,0
281.291,18,612000000,0
281.37,8,584000000,0
281.383,16,588000000,0
281.415,15,524000000,0
281.479,17,544000000,0
281.578,7,612000000,0
281.775,15,524000000,0
281.798,15,524000000,0
281.858,15,524000000,0
282.016,21,592000000,0
282.095,9,504000000,0
282.142,21,592000000,0
282.15,21,592000000,0
282.282,13,536000000,0
282.423,16,592000000,0
282.54,17,548000000,0
282.868,7,620000000,0
282.934,9,508000000,0
282.97,19,584000000,0
283.39,19,584000000,0
283.392,7,620000000,0
283.572,19,584000000,0
283.829,22,608000000,0
283.875,6,536000000,0
283.928,5,576000000,0
284.119,16,604000000,0
284.53,16,608000000,0
284.662,16,608000000,0
284.899,19,588000000,0
284.922,17,552000000,0
284.993,5,580000000,0
284.995,22,612000000,0
284.997,16,608000000,0
285.147,24,540000000,0
285.202,10,564000000,0
285.203,9,512000000,0
285.598,11,528000000,0
285.611,23,568000000,0
285.818,17,560000000,0
285.894,22,616000000,0
285.993,13,540000000,0
286.209,17,560000000,0
286.215,21,596000000,0
286.429,18,616000000,0
286.647,10,568000000,0
286.705,15,528000000,0
286.797,24,544000000,0
286.831,8,588000000,0
286.927,11,532000000,0
287.048,12,660000000,0
287.082,5,584000000,0
287.156,17,572000000,0
287.247,12,660000000,0
287.309,9,516000000,0
287.325,17,572000000,0
287.329,17,572000000,0
287.357,21,608000000,0
287.385,18,624000000,0
287.451,21,608000000,0
287.469,20,540000000,0
287.504,18,624000000,0
287.772,23,572000000,0
287.84,22,620000000,0
288.001,21,612000000,0
288.057,15,536000000,0
288.4,12,664000000,0
288.507,18,628000000,0
288.548,15,540000000,0
288.576,9,520000000,0
288.608,21,612000000,0
288.868,11,536000000,0
288.883,14,600000000,0
288.972,19,592000000,0
289.014,15,540000000,0
289.094,16,612000000,0
289.105,12,668000000,0
289.19,13,544000000,0
289.432,14,600000000,0
289.541,23,584000000,0
289.55,9,528000000,0
289.627,9,528000000,0
289.779,22,628000000,0
289.835,15,544000000,0
289.841,23,584000000,0
289.86,18,632000000,0
290.013,23,584000000,0
290.054,16,616000000,0
290.087,12,676000000,0
290.2,10,576000000,0
290.228,12,676000000,0
290.285,22,628000000,0
290.308,17,576000000,0
290.404,6,540000000,0
290.408,7,624000000,0
290.533,9,536000000,0
290.67,5,592000000,0
290.833,11,540000000,0
290.864,10,576000000,0
290.913,5,592000000,0
290.984,9,536000000,0
291.291,15,548000000,0
291.433,19,596000000,0
291.707,7,628000000,0
291.888,12,688000000,0
292.05,17,580000000,0
292.145,15,556000000,0
292.226,13,548000000,0
292.241,14,604000000,0
292.258,12,688000000,0
292.354,12,688000000,0
292.457,21,620000000,0
292.643,15,556000000,0
292.724,21,620000000,0
292.763,23,592000000,0
292.944,5,600000000,0
293.051,23,592000000,0
293.212,19,600000000,0
293.279,14,608000000,0
293.306,16,620000000,0
293.403,11,544000000,0
293.612,5,604000000,0
293.667,24,548000000,0
293.679,20,544000000,0
293.834,5,604000000,0
294.016,9,540000000,0
294.113,17,584000000,0
294.176,16,624000000,0
294.366,8,592000000,0
294.648,21,628000000,0
294.68,12,692000000,0
294.903,7,632000000,0
295.034,21,628000000,0
295.139,19,604000000,0
295.229,23,600000000,0
295.645,14,616000000,0
295.69,10,580000000,0
295.87,24,552000000,0
295.885,23,608000000,0
295.95,23,608000000,0
296.017,11,548000000,0
296.024,19,612000000,0
296.027,23,608000000,0
296.071,21,632000000,0
296.101,14,616000000,0
296.145,19,612000000,0
296.173,18,636000000,0
296.243,20,548000000,0
296.474,13,552000000,0
296.584,7,636000000,0
297.001,19,616000000,0
297.179,6,544000000,0
297.34,16,628000000,0
297.75,18,640000000,0
297.83,11,552000000,0
297.845,14,620000000,0
297.975,23,612000000,0
298.108,8,596000000,0
298.126,15,560000000,0
298.349,24,556000000,0
298.479,22,632000000,0
298.653,9,544000000,0
298.71,6,552000000,0
298.738,12,696000000,0
298.834,21,636000000,0
298.876,6,552000000,0
298.899,20,556000000,0
298.93,5,608000000,0
299.005,17,588000000,0
299.283,14,624000000,0
299.36,20,556000000,0
299.643,19,620000000,0
299.644,13,560000000,0
299.758,9,552000000,0
299.819,21,640000000,0
299.873,24,564000000,0
299.949,23,620000000,0
299.961,23,620000000,0
299.994,9,552000000,0
300.226,13,560000000,0
300.367,18,644000000,0
300.382,22,636000000,0
300.453,24,568000000,0
300.479,5,616000000,0
300.487,5,616000000,0
300.523,8,600000000,0
300.607,24,568000000,0
300.708,14,628000000,0
