t,ue,rate_bps
0.1,0,823000
0.1,1,402174
0.1,2,1.43349e+07
0.1,3,9.1089e+07
0.1,4,5.1591e+06
0.1,5,1.63048e+06
0.1,6,1.65806e+07
0.1,7,148115
0.1,8,7.51468e+07
0.1,9,1.40063e+06
0.1,10,1.06918e+07
0.1,11,2.64548e+06
0.1,12,9.16832e+06
0.1,13,7.70834e+07
0.1,14,1.01693e+07
0.1,15,4.46409e+06
0.1,16,1.0602e+08
0.1,17,72730.8
0.1,18,1.4403e+08
0.1,19,5.34312e+06
0.1,20,2.44044e+06
0.1,21,1.69334e+06
0.1,22,7.419e+06
0.1,23,2.14775e+07
0.1,24,1.20128e+08
0.1,25,2.37092e+07
0.1,26,1.93003e+07
0.1,27,1.11801e+06
0.1,28,2.40666e+07
0.1,29,908945
0.2,0,191619
0.2,1,26228.4
0.2,2,2.39052e+06
0.2,3,1.53097e+07
0.2,4,1.5932e+07
0.2,5,292665
0.2,6,389515
0.2,7,3.14464e+06
0.2,8,9.69877e+07
0.2,9,92588.6
0.2,10,1.4312e+07
0.2,11,556375
0.2,12,6.46303e+07
0.2,13,505156
0.2,14,1.24226e+07
0.2,15,2.52109e+07
0.2,16,1.1745e+08
0.2,17,1.3762e+07
0.2,18,3.99068e+07
0.2,19,5.52269e+07
0.2,20,18981.6
0.2,21,1.48186e+06
0.2,22,3.11935e+07
0.2,23,2.50271e+07
0.2,24,2.03032e+07
0.2,25,6.92069e+06
0.2,26,1.62534e+07
0.2,27,3.06248e+07
0.2,28,1.25736e+07
0.2,29,3.3853e+06
0.3,0,2.34778e+06
0.3,1,4.96045e+07
0.3,2,1.53756e+07
0.3,3,4.23853e+06
0.3,4,1.76539e+07
0.3,5,2.63162e+06
0.3,6,6.57164e+07
0.3,7,5.19459e+07
0.3,8,1.68338e+08
0.3,9,593893
0.3,10,3.64983e+06
0.3,11,10942.5
0.3,12,3.98226e+07
0.3,13,2.14754e+07
0.3,14,2.51118e+07
0.3,15,3.59295e+06
0.3,16,1.73664e+07
0.3,17,377133
0.3,18,3.9961e+07
0.3,19,9.79921e+06
0.3,20,2.87557e+06
0.3,21,1.39564e+06
0.3,22,353638
0.3,23,1.52032e+07
0.3,24,9.98967e+07
0.3,25,2.41041e+07
0.3,26,861697
0.3,27,3157.41
0.3,28,7.93503e+06
0.3,29,2.8712e+06
0.4,0,5692.47
0.4,1,1.53173e+08
0.4,2,2.66057e+06
0.4,3,6.47491e+06
0.4,4,2.40687e+07
0.4,5,4.10722e+07
0.4,6,4.65935e+06
0.4,7,120859
0.4,8,8.89288e+07
0.4,9,449445
0.4,10,246603
0.4,11,3.99918e+06
0.4,12,5.93426e+07
0.4,13,328450
0.4,14,183600
0.4,15,4.88864e+06
0.4,16,8.86764e+07
0.4,17,904190
0.4,18,6.03148e+06
0.4,19,6.29265e+07
0.4,20,211727
0.4,21,4.56557e+07
0.4,22,9.88774e+06
0.4,23,2.70324e+07
0.4,24,1.30141e+08
0.4,25,463653
0.4,26,3.46812e+07
0.4,27,3.47641e+06
0.4,28,3.49181e+07
0.4,29,1.04514e+07
0.5,0,8.58643e+06
0.5,1,830852
0.5,2,1.10855e+07
0.5,3,9.31085e+06
0.5,4,6.70685e+06
0.5,5,1811.1
0.5,6,3.21384e+06
0.5,7,1.81004e+07
0.5,8,1.65374e+08
0.5,9,1.03462e+07
0.5,10,100717
0.5,11,5.42948e+07
0.5,12,4.94822e+06
0.5,13,4.89019e+07
0.5,14,1.99329e+07
0.5,15,678171
0.5,16,3.08734e+06
0.5,17,32079.6
0.5,18,1.47269e+07
0.5,19,2.11056e+07
0.5,20,1.54902e+06
0.5,21,2.72692e+07
0.5,22,2.76288e+06
0.5,23,3.91498e+06
0.5,24,9.42619e+07
0.5,25,808707
0.5,26,3.37134e+06
0.5,27,879494
0.5,28,3.46264e+07
0.5,29,1.2179e+07
0.6,0,192254
0.6,1,1.44513e+06
0.6,2,2.94691e+06
0.6,3,3.52353e+06
0.6,4,2.86072e+06
0.6,5,1.01986e+07
0.6,6,2.35449e+07
0.6,7,2.07606e+06
0.6,8,4.16563e+07
0.6,9,327092
0.6,10,1.17412e+06
0.6,11,1.3767e+07
0.6,12,5.91938e+06
0.6,13,1.02133e+08
0.6,14,4.68379e+07
0.6,15,2.14813e+06
0.6,16,8.43121e+07
0.6,17,14709.8
0.6,18,2.73974e+07
0.6,19,9.15542e+07
0.6,20,34785.9
0.6,21,1.15875e+06
0.6,22,2.08283e+06
0.6,23,8.59473e+07
0.6,24,6.5326e+07
0.6,25,2.93123e+07
0.6,26,1.33246e+08
0.6,27,890856
0.6,28,1.8116e+07
0.6,29,4.376e+06
0.7,0,203669
0.7,1,117097
0.7,2,7.05813e+07
0.7,3,3.00164e+06
0.7,4,2.10569e+07
0.7,5,1.71487e+06
0.7,6,2.15031e+07
0.7,7,3.21022e+06
0.7,8,2.04502e+08
0.7,9,36946.7
0.7,10,381836
0.7,11,403122
0.7,12,4.55419e+07
0.7,13,40631.9
0.7,14,1.9518e+07
0.7,15,3.2516e+06
0.7,16,1.09262e+08
0.7,17,20295.4
0.7,18,9.91174e+06
0.7,19,4.33941e+06
0.7,20,1.63307e+06
0.7,21,1.6237e+07
0.7,22,1.74549e+06
0.7,23,1.47587e+08
0.7,24,5.75741e+06
0.7,25,1.51251e+07
0.7,26,139839
0.7,27,2.28916e+06
0.7,28,1.06176e+07
0.7,29,2.51838e+07
0.8,0,8.98023e+06
0.8,1,5.82596e+07
0.8,2,2.08652e+07
0.8,3,28477.2
0.8,4,2.13464e+07
0.8,5,7.43773e+06
0.8,6,2.09473e+07
0.8,7,5.44092e+07
0.8,8,1.31941e+08
0.8,9,456060
0.8,10,566052
0.8,11,5.08414e+06
0.8,12,274460
0.8,13,3.65432e+06
0.8,14,5.78573e+07
0.8,15,1.08476e+07
0.8,16,1.17817e+08
0.8,17,1.67592e+06
0.8,18,9.60155e+06
0.8,19,726511
0.8,20,3.97219e+06
0.8,21,1.34321e+07
0.8,22,1.02999e+07
0.8,23,1.08838e+08
0.8,24,6.6506e+07
0.8,25,6.8841e+06
0.8,26,345735
0.8,27,3.04197e+06
0.8,28,8.18907e+07
0.8,29,7.03791e+07
0.9,0,3.74051e+06
0.9,1,592305
0.9,2,1.6701e+07
0.9,3,7.83331e+07
0.9,4,1.57478e+06
0.9,5,1.38418e+07
0.9,6,623005
0.9,7,845584
0.9,8,7.53836e+07
0.9,9,2.6329e+06
0.9,10,7.96655e+06
0.9,11,8.53864e+06
0.9,12,416204
0.9,13,3.29626e+06
0.9,14,2.13308e+07
0.9,15,1.13707e+07
0.9,16,1.4292e+08
0.9,17,46151.7
0.9,18,1.19365e+07
0.9,19,1.87121e+07
0.9,20,90049.8
0.9,21,122075
0.9,22,5.76631e+07
0.9,23,4.51977e+07
0.9,24,2.55311e+07
0.9,25,3.93824e+07
0.9,26,6.78417e+07
0.9,27,1.24853e+06
0.9,28,2.80083e+07
0.9,29,501903
1,0,6.3683e+06
1,1,4.77189e+06
1,2,1.06385e+06
1,3,1.0685e+07
1,4,9.11259e+07
1,5,4.33093e+07
1,6,143311
1,7,1.11993e+07
1,8,2.00688e+08
1,9,116004
1,10,80161.4
1,11,1.08261e+06
1,12,4.27571e+07
1,13,9.08635e+06
1,14,4.06985e+06
1,15,869699
1,16,1.43398e+08
1,17,8.96441e+07
1,18,1.4087e+07
1,19,1.85047e+07
1,20,1.67652e+06
1,21,1.54491e+07
1,22,2.06061e+07
1,23,1.49006e+08
1,24,8.77374e+07
1,25,423048
1,26,2.00116e+07
1,27,5.79546e+06
1,28,9.4388e+07
1,29,1.0558e+07
1.1,0,2.40506e+07
1.1,1,817384
1.1,2,237842
1.1,3,252045
1.1,4,3.40806e+06
1.1,5,2.32709e+07
1.1,6,215750
1.1,7,1.24824e+06
1.1,8,1.78165e+08
1.1,9,1.38984e+06
1.1,10,4.22597e+06
1.1,11,8.6762e+06
1.1,12,1.33668e+06
1.1,13,4.31725e+07
1.1,14,2.04788e+07
1.1,15,7.60232e+06
1.1,16,9.1915e+07
1.1,17,2.20227e+06
1.1,18,1.01144e+07
1.1,19,3.00431e+07
1.1,20,4.08582e+06
1.1,21,1.94949e+06
1.1,22,1.94036e+07
1.1,23,1.48124e+08
1.1,24,7.4885e+07
1.1,25,597643
1.1,26,347598
1.1,27,2.28612e+07
1.1,28,4.53537e+07
1.1,29,1.18308e+07
1.2,0,2.08128e+06
1.2,1,662874
1.2,2,2.53368e+07
1.2,3,2.04323e+07
1.2,4,7.86675e+07
1.2,5,1.95988e+06
1.2,6,5.65564e+06
1.2,7,4.24433e+06
1.2,8,1.67e+08
1.2,9,4.0277e+06
1.2,10,1.44102e+07
1.2,11,1.0882e+06
1.2,12,4.45389e+07
1.2,13,3.03113e+06
1.2,14,2.30046e+07
1.2,15,1.09766e+07
1.2,16,1.17001e+08
1.2,17,325989
1.2,18,2.23743e+06
1.2,19,1.20219e+06
1.2,20,3.00899e+06
1.2,21,6.34588e+07
1.2,22,4.73675e+06
1.2,23,2.77051e+06
1.2,24,4.47315e+07
1.2,25,48594.9
1.2,26,122195
1.2,27,374303
1.2,28,3.02761e+07
1.2,29,2.27423e+07
1.3,0,399127
1.3,1,58358.1
1.3,2,1.45074e+06
1.3,3,1.29279e+08
1.3,4,5.34263e+07
1.3,5,2.21781e+06
1.3,6,791843
1.3,7,5.19514e+06
1.3,8,4.20822e+07
1.3,9,849472
1.3,10,1.64913e+06
1.3,11,3.63517e+07
1.3,12,1.20348e+07
1.3,13,3.25533e+06
1.3,14,248315
1.3,15,62118.9
1.3,16,2.03014e+08
1.3,17,5.45018e+06
1.3,18,7.18716e+07
1.3,19,3.99903e+06
1.3,20,2.76911e+06
1.3,21,4.76439e+06
1.3,22,3.3561e+07
1.3,23,1.35739e+08
1.3,24,6.90928e+07
1.3,25,7.23959e+06
1.3,26,277791
1.3,27,2.1394e+07
1.3,28,8.79612e+07
1.3,29,886455
1.4,0,1.33025e+07
1.4,1,1.41831e+07
1.4,2,8.54886e+06
1.4,3,7.24164e+06
1.4,4,6.37952e+07
1.4,5,9.31286e+06
1.4,6,2.00835e+06
1.4,7,4.41848e+06
1.4,8,5.91041e+07
1.4,9,1.62012e+06
1.4,10,2.07506e+06
1.4,11,1.83105e+06
1.4,12,7.13594e+07
1.4,13,1.21172e+06
1.4,14,4.93714e+07
1.4,15,2.82101e+06
1.4,16,7.28255e+07
1.4,17,7.68004e+07
1.4,18,1.44668e+08
1.4,19,4.17863e+06
1.4,20,833324
1.4,21,3.8013e+07
1.4,22,5.39319e+06
1.4,23,1.12633e+08
1.4,24,1.67892e+08
1.4,25,1.19892e+07
1.4,26,433572
1.4,27,1.39105e+07
1.4,28,4.67462e+06
1.4,29,6.22127e+07
1.5,0,541373
1.5,1,4.58902e+06
1.5,2,305323
1.5,3,1.26264e+07
1.5,4,4.20616e+07
1.5,5,2.42118e+07
1.5,6,6.78215e+06
1.5,7,179099
1.5,8,1.06829e+08
1.5,9,471161
1.5,10,326566
1.5,11,2.95274e+06
1.5,12,1.60843e+06
1.5,13,640093
1.5,14,1.64937e+07
1.5,15,1.423e+06
1.5,16,1.01122e+08
1.5,17,577822
1.5,18,2.17148e+07
1.5,19,2.32923e+06
1.5,20,1.64536e+06
1.5,21,3.37878e+07
1.5,22,3.17402e+06
1.5,23,5.10988e+07
1.5,24,1.96331e+08
1.5,25,608953
1.5,26,2.83414e+06
1.5,27,428081
1.5,28,4.68238e+06
1.5,29,1.9829e+07
1.6,0,1.52567e+06
1.6,1,1.05629e+06
1.6,2,7.78125e+06
1.6,3,2.54205e+07
1.6,4,1.89912e+07
1.6,5,3.91389e+06
1.6,6,275993
1.6,7,4.02822e+07
1.6,8,3.56708e+06
1.6,9,96384.5
1.6,10,43084.2
1.6,11,3.683e+06
1.6,12,2.29597e+06
1.6,13,1.92812e+07
1.6,14,2.37135e+07
1.6,15,425927
1.6,16,1.47023e+08
1.6,17,1.8014e+06
1.6,18,4.96387e+07
1.6,19,5.63527e+06
1.6,20,1.71512e+07
1.6,21,3.15444e+06
1.6,22,1.70535e+06
1.6,23,1.2442e+06
1.6,24,5.83832e+07
1.6,25,329816
1.6,26,3.63771e+06
1.6,27,1.50029e+07
1.6,28,9.7305e+07
1.6,29,8.94165e+06
1.7,0,9.03654e+06
1.7,1,785471
1.7,2,2.99929e+07
1.7,3,1.4603e+06
1.7,4,7.92535e+07
1.7,5,2.54511e+07
1.7,6,508672
1.7,7,3.14893e+06
1.7,8,2.69891e+08
1.7,9,244994
1.7,10,3.79477e+06
1.7,11,2.40734e+07
1.7,12,6.54796e+07
1.7,13,1.9456e+07
1.7,14,4.30963e+06
1.7,15,4.41271e+06
1.7,16,1.53759e+08
1.7,17,52969.2
1.7,18,5.72379e+07
1.7,19,4.09331e+06
1.7,20,286276
1.7,21,3.42565e+07
1.7,22,4.50635e+06
1.7,23,1.25308e+08
1.7,24,1.67104e+08
1.7,25,2.56501e+06
1.7,26,9.90749e+06
1.7,27,4.08108e+06
1.7,28,8.01125e+07
1.7,29,1.39844e+06
1.8,0,1.9557e+06
1.8,1,2.58963e+06
1.8,2,4.15373e+06
1.8,3,2.42023e+06
1.8,4,1.14934e+07
1.8,5,3.13768e+06
1.8,6,449659
1.8,7,5.82729e+06
1.8,8,1.17032e+07
1.8,9,1.94565e+07
1.8,10,2.84334e+07
1.8,11,138740
1.8,12,1.34496e+06
1.8,13,2.61784e+07
1.8,14,1.87631e+06
1.8,15,2.23193e+07
1.8,16,8.31832e+06
1.8,17,3.31889e+06
1.8,18,3.53582e+07
1.8,19,2.72857e+07
1.8,20,3.14046e+06
1.8,21,229182
1.8,22,799254
1.8,23,4.75408e+07
1.8,24,1.72572e+07
1.8,25,3.35027e+06
1.8,26,264235
1.8,27,8.90498e+07
1.8,28,3.74585e+07
1.8,29,5.03652e+06
1.9,0,1.29893e+07
1.9,1,136028
1.9,2,825943
1.9,3,1.20348e+07
1.9,4,6.58937e+07
1.9,5,7.02074e+07
1.9,6,9.23223e+06
1.9,7,2.56075e+07
1.9,8,8.83613e+07
1.9,9,50245.4
1.9,10,172837
1.9,11,1.22748e+06
1.9,12,1.8154e+07
1.9,13,1.11503e+08
1.9,14,7.6655e+07
1.9,15,3.14811e+06
1.9,16,9.25294e+07
1.9,17,152757
1.9,18,7.14591e+07
1.9,19,1.31458e+07
1.9,20,553481
1.9,21,4.19072e+07
1.9,22,6.04866e+06
1.9,23,1.06873e+08
1.9,24,430832
1.9,25,18455
1.9,26,1.10878e+07
1.9,27,5.81574e+06
1.9,28,1.90089e+07
1.9,29,7.16007e+07
2,0,35318.5
2,1,1.54771e+07
2,2,1.51145e+07
2,3,905965
2,4,3.06413e+07
2,5,9.57248e+07
2,6,2.52925e+07
2,7,9.21934e+06
2,8,1.32747e+08
2,9,261034
2,10,1.93184e+07
2,11,4.21606e+06
2,12,7.64769e+07
2,13,704418
2,14,4.10804e+07
2,15,1.54581e+07
2,16,3.80533e+07
2,17,1.81534e+06
2,18,1.40393e+07
2,19,1.39994e+07
2,20,307713
2,21,2.57516e+06
2,22,3.08118e+07
2,23,2.62575e+07
2,24,1.61382e+08
2,25,1.0015e+07
2,26,630339
2,27,236274
2,28,2.93658e+07
2,29,6.0791e+06
2.1,0,7425.26
2.1,1,943560
2.1,2,2.08097e+06
2.1,3,1.01902e+07
2.1,4,3.79011e+07
2.1,5,4.88329e+07
2.1,6,776247
2.1,7,2.70991e+06
2.1,8,1.09759e+08
2.1,9,253473
2.1,10,1.54585e+07
2.1,11,9.0566e+07
2.1,12,3.01677e+07
2.1,13,1.84942e+07
2.1,14,5.42492e+06
2.1,15,1.18589e+07
2.1,16,3.43092e+07
2.1,17,74259.4
2.1,18,1.17265e+07
2.1,19,1.21503e+06
2.1,20,145893
2.1,21,6.72151e+07
2.1,22,3332.31
2.1,23,1.31809e+07
2.1,24,7.73866e+07
2.1,25,1.84265e+07
2.1,26,1.09698e+06
2.1,27,6.75262e+06
2.1,28,1.22578e+07
2.1,29,2.38386e+07
2.2,0,691908
2.2,1,6.61273e+06
2.2,2,1.79339e+07
2.2,3,1.70396e+07
2.2,4,7.47367e+06
2.2,5,4.2209e+07
2.2,6,233763
2.2,7,4.44258e+07
2.2,8,2.08904e+08
2.2,9,7547.99
2.2,10,1.58288e+06
2.2,11,2.547e+07
2.2,12,5.40846e+07
2.2,13,1.49441e+07
2.2,14,1.45e+07
2.2,15,2.09564e+06
2.2,16,5.79244e+07
2.2,17,460383
2.2,18,2.55452e+06
2.2,19,1.12483e+08
2.2,20,632650
2.2,21,5.03058e+07
2.2,22,1.14268e+08
2.2,23,5.2082e+06
2.2,24,3.65553e+07
2.2,25,3.87546e+06
2.2,26,2.54373e+06
2.2,27,2.3979e+07
2.2,28,2.48635e+07
2.2,29,4.27032e+06
2.3,0,29320.1
2.3,1,2.03558e+06
2.3,2,4.81299e+06
2.3,3,1.09272e+08
2.3,4,5.6138e+06
2.3,5,1.17908e+07
2.3,6,5.56158e+06
2.3,7,997938
2.3,8,1.51284e+08
2.3,9,552600
2.3,10,9.10279e+06
2.3,11,291033
2.3,12,2.6629e+06
2.3,13,1.45223e+06
2.3,14,280829
2.3,15,2.61908e+07
2.3,16,8.34525e+07
2.3,17,1.49092e+06
2.3,18,5.14552e+06
2.3,19,347856
2.3,20,3.99079e+06
2.3,21,4.53932e+07
2.3,22,2.1714e+07
2.3,23,1.64777e+08
2.3,24,6.76909e+07
2.3,25,8.82524e+06
2.3,26,1.55109e+07
2.3,27,96941.5
2.3,28,3.15663e+07
2.3,29,1.5439e+06
2.4,0,2.1047e+07
2.4,1,1.18403e+07
2.4,2,36151.6
2.4,3,3.39362e+07
2.4,4,700545
2.4,5,2.90726e+07
2.4,6,2.51355e+07
2.4,7,1.1179e+08
2.4,8,1.59276e+08
2.4,9,1708.91
2.4,10,5.60867e+07
2.4,11,1.51775e+07
2.4,12,2.48256e+07
2.4,13,3.69642e+06
2.4,14,9.50791e+06
2.4,15,3.12964e+07
2.4,16,6.96108e+07
2.4,17,8.44002e+06
2.4,18,5.16019e+07
2.4,19,6.43141e+06
2.4,20,266876
2.4,21,9850.28
2.4,22,304893
2.4,23,9.06031e+07
2.4,24,1.19936e+08
2.4,25,8.58998e+07
2.4,26,2.0882e+07
2.4,27,1.01318e+07
2.4,28,9.98938e+07
2.4,29,27448.4
2.5,0,1.28199e+07
2.5,1,865180
2.5,2,2.82226e+07
2.5,3,3.52778e+07
2.5,4,5.79499e+07
2.5,5,5.85526e+07
2.5,6,3.24958e+07
2.5,7,9.18028e+07
2.5,8,1.9223e+08
2.5,9,6.93177e+07
2.5,10,2.17378e+06
2.5,11,288998
2.5,12,1.41109e+06
2.5,13,3.41118e+06
2.5,14,3.25508e+06
2.5,15,2.7311e+07
2.5,16,7.53135e+07
2.5,17,953748
2.5,18,7.86938e+07
2.5,19,3.14795e+06
2.5,20,1.77557e+07
2.5,21,2.40724e+07
2.5,22,6.01271e+06
2.5,23,1.17721e+08
2.5,24,4.08134e+07
2.5,25,5.35655e+07
2.5,26,35765.5
2.5,27,861268
2.5,28,2.18348e+07
2.5,29,6.98186e+06
2.6,0,9.3186e+06
2.6,1,2.41649e+06
2.6,2,1.72885e+06
2.6,3,2.57229e+07
2.6,4,9.21655e+06
2.6,5,1.0393e+07
2.6,6,456181
2.6,7,1.35842e+07
2.6,8,1.03857e+08
2.6,9,210275
2.6,10,423025
2.6,11,3.14345e+07
2.6,12,3.08827e+06
2.6,13,4.95231e+07
2.6,14,1.9883e+07
2.6,15,2.073e+06
2.6,16,2.26121e+07
2.6,17,4.85071e+07
2.6,18,5.00413e+07
2.6,19,8.0022e+06
2.6,20,1.04062e+06
2.6,21,7.96405e+06
2.6,22,8.8985e+06
2.6,23,2.10022e+08
2.6,24,9.24383e+07
2.6,25,4.97989e+06
2.6,26,161778
2.6,27,1.12028e+06
2.6,28,5.2206e+06
2.6,29,2.09334e+07
2.7,0,79632.4
2.7,1,3.97853e+07
2.7,2,4.57942e+06
2.7,3,5.39471e+06
2.7,4,5.91715e+07
2.7,5,3.44463e+07
2.7,6,1.02908e+07
2.7,7,6.85337e+07
2.7,8,1.55886e+08
2.7,9,2644.2
2.7,10,702652
2.7,11,9.81026e+06
2.7,12,1.44307e+07
2.7,13,4.55983e+07
2.7,14,1.52998e+06
2.7,15,31775
2.7,16,1.71959e+08
2.7,17,5.55389e+06
2.7,18,3.02931e+06
2.7,19,2.19183e+07
2.7,20,311783
2.7,21,455480
2.7,22,5.26452e+06
2.7,23,2.73586e+07
2.7,24,1.22931e+08
2.7,25,2.42272e+06
2.7,26,9.74003e+06
2.7,27,509706
2.7,28,9.17861e+07
2.7,29,374316
2.8,0,764651
2.8,1,3.37863e+06
2.8,2,1.95318e+07
2.8,3,5.76378e+06
2.8,4,1.73756e+07
2.8,5,9.09215e+06
2.8,6,1.13202e+07
2.8,7,2.14534e+06
2.8,8,1.38996e+08
2.8,9,7.8415e+06
2.8,10,175466
2.8,11,1.76383e+06
2.8,12,6.9345e+07
2.8,13,3.88973e+06
2.8,14,2.43938e+07
2.8,15,4.23037e+07
2.8,16,3.54083e+07
2.8,17,5.38964e+06
2.8,18,2.89512e+06
2.8,19,4.24896e+07
2.8,20,1.49481e+06
2.8,21,9.51281e+06
2.8,22,5.51827e+06
2.8,23,5.18327e+07
2.8,24,9.19475e+07
2.8,25,6.98905e+06
2.8,26,1.04349e+07
2.8,27,6.91818e+06
2.8,28,2.99715e+06
2.8,29,5.02741e+07
2.9,0,8.34682e+06
2.9,1,2.67331e+07
2.9,2,1.37475e+06
2.9,3,7.61894e+06
2.9,4,115502
2.9,5,8.83533e+07
2.9,6,27338.3
2.9,7,4.43698e+07
2.9,8,1.3804e+08
2.9,9,442100
2.9,10,1.87856e+06
2.9,11,2.46045e+07
2.9,12,7.266e+07
2.9,13,1.31742e+07
2.9,14,503765
2.9,15,2.61949e+07
2.9,16,1.09716e+08
2.9,17,3.3095e+06
2.9,18,8.49849e+07
2.9,19,3.56718e+06
2.9,20,5.06523e+06
2.9,21,2.78259e+06
2.9,22,6.27491e+06
2.9,23,6.17199e+07
2.9,24,1.4425e+08
2.9,25,1.44797e+07
2.9,26,2.99131e+07
2.9,27,6.46247e+06
2.9,28,269812
2.9,29,3.24051e+07
3,0,8.49303e+06
3,1,514768
3,2,1.49359e+07
3,3,572024
3,4,7.39427e+07
3,5,1.27466e+07
3,6,115102
3,7,1.08394e+06
3,8,1.63809e+08
3,9,1.00416e+06
3,10,833466
3,11,9.32949e+06
3,12,3.34712e+06
3,13,8.14704e+06
3,14,3.40198e+07
3,15,8.57687e+06
3,16,1.69786e+08
3,17,4.16192e+06
3,18,2.22107e+07
3,19,8.65791e+07
3,20,2.45406e+07
3,21,1.13101e+07
3,22,2.50268e+07
3,23,8.35959e+07
3,24,5.2029e+06
3,25,5.23411e+07
3,26,4.8995e+07
3,27,1.08478e+07
3,28,1.20779e+08
3,29,8.60111e+07
3.1,0,308544
3.1,1,208470
3.1,2,1.63771e+07
3.1,3,1.04514e+07
3.1,4,5.69588e+06
3.1,5,2.43347e+07
3.1,6,2.98962e+06
3.1,7,4.47437e+06
3.1,8,1.05183e+08
3.1,9,1.81565e+07
3.1,10,94852.5
3.1,11,1.35535e+06
3.1,12,5.47113e+06
3.1,13,4.17846e+07
3.1,14,1.00181e+06
3.1,15,2.40965e+06
3.1,16,1.32095e+08
3.1,17,87742.7
3.1,18,3.83763e+07
3.1,19,4.25352e+07
3.1,20,162040
3.1,21,1.2178e+08
3.1,22,6.81149e+06
3.1,23,1.16728e+08
3.1,24,1.06627e+08
3.1,25,5.94144e+07
3.1,26,6.4013e+06
3.1,27,334686
3.1,28,6.23313e+07
3.1,29,1.18224e+06
3.2,0,1.27638e+06
3.2,1,6.7526e+06
3.2,2,1.00747e+07
3.2,3,9.82821e+06
3.2,4,2.58485e+06
3.2,5,3.30162e+06
3.2,6,1.14575e+07
3.2,7,7.69612e+06
3.2,8,1.4366e+08
3.2,9,719764
3.2,10,208834
3.2,11,2.85371e+06
3.2,12,3.31091e+07
3.2,13,2.16461e+07
3.2,14,1.79099e+07
3.2,15,1.8061e+07
3.2,16,1.51934e+08
3.2,17,1.20573e+06
3.2,18,7.5063e+07
3.2,19,7.19686e+07
3.2,20,1.75465e+07
3.2,21,3.33866e+07
3.2,22,80791.9
3.2,23,5.70687e+07
3.2,24,8.03509e+07
3.2,25,2.55985e+07
3.2,26,6.63657e+07
3.2,27,1.83662e+06
3.2,28,3.47538e+07
3.2,29,4.78544e+07
3.3,0,359494
3.3,1,2.86306e+06
3.3,2,2.83047e+07
3.3,3,1.62597e+08
3.3,4,1.40727e+07
3.3,5,6.67856e+07
3.3,6,1.30595e+06
3.3,7,5.08633e+07
3.3,8,2.02676e+08
3.3,9,5.72807e+06
3.3,10,2.27593e+06
3.3,11,3.19277e+06
3.3,12,3.86225e+07
3.3,13,1.13702e+07
3.3,14,5.56363e+07
3.3,15,2.00405e+07
3.3,16,8.17177e+07
3.3,17,1.56346e+06
3.3,18,6.85009e+07
3.3,19,1.5598e+07
3.3,20,796181
3.3,21,4.55745e+07
3.3,22,3.4813e+07
3.3,23,2.87919e+07
3.3,24,5.30081e+07
3.3,25,5.74717e+07
3.3,26,981773
3.3,27,838305
3.3,28,3.78105e+07
3.3,29,1.77658e+06
3.4,0,2.32558e+06
3.4,1,1.40912e+06
3.4,2,791165
3.4,3,772324
3.4,4,34760.5
3.4,5,5.55583e+07
3.4,6,3.28889e+06
3.4,7,99694.8
3.4,8,1.44741e+08
3.4,9,1.41307e+07
3.4,10,597544
3.4,11,3.82327e+06
3.4,12,7.23623e+06
3.4,13,7.11615e+07
3.4,14,2.03876e+06
3.4,15,381093
3.4,16,9.80395e+07
3.4,17,1.55161e+06
3.4,18,234261
3.4,19,320447
3.4,20,1.36188e+07
3.4,21,1.61063e+07
3.4,22,1.1362e+08
3.4,23,5.2845e+07
3.4,24,4.9515e+07
3.4,25,277234
3.4,26,1.9303e+07
3.4,27,1.86102e+07
3.4,28,1.09598e+08
3.4,29,1.41828e+07
3.5,0,685375
3.5,1,3.52496e+06
3.5,2,1.38142e+07
3.5,3,2.96201e+06
3.5,4,7.15718e+07
3.5,5,3.40459e+06
3.5,6,170419
3.5,7,1.91127e+07
3.5,8,1.3483e+07
3.5,9,209555
3.5,10,52323.8
3.5,11,1.14899e+06
3.5,12,102528
3.5,13,1.63821e+07
3.5,14,3.12971e+07
3.5,15,3.85603e+06
3.5,16,1.67495e+07
3.5,17,2.08525e+06
3.5,18,206068
3.5,19,3.43317e+07
3.5,20,743963
3.5,21,3.58303e+06
3.5,22,5.26947e+07
3.5,23,9.69734e+07
3.5,24,1.54209e+08
3.5,25,1.38945e+06
3.5,26,4.57688e+06
3.5,27,7.10741e+06
3.5,28,1.97297e+06
3.5,29,7.08419e+07
3.6,0,1.82556e+07
3.6,1,611941
3.6,2,2.21195e+07
3.6,3,4.11926e+06
3.6,4,2.23661e+07
3.6,5,1.15052e+07
3.6,6,5.43734e+06
3.6,7,2.4581e+06
3.6,8,1.07156e+08
3.6,9,1.79335e+07
3.6,10,83426.8
3.6,11,7.28855e+06
3.6,12,1.24065e+07
3.6,13,1.26524e+08
3.6,14,9.96757e+06
3.6,15,4.34268e+07
3.6,16,1.0264e+08
3.6,17,1.4191e+07
3.6,18,2.88967e+06
3.6,19,4.36454e+07
3.6,20,395193
3.6,21,1.50287e+07
3.6,22,2.42223e+07
3.6,23,5.91382e+07
3.6,24,5.05719e+07
3.6,25,2.77049e+06
3.6,26,81543.8
3.6,27,9.88535e+06
3.6,28,2.80553e+07
3.6,29,257705
3.7,0,335042
3.7,1,625580
3.7,2,7.64165e+06
3.7,3,3.08666e+07
3.7,4,1.4823e+07
3.7,5,2.02134e+07
3.7,6,6.9776e+07
3.7,7,7.0832e+06
3.7,8,7.57712e+07
3.7,9,3.66127e+07
3.7,10,1.64127e+06
3.7,11,4.72494e+06
3.7,12,1.66087e+06
3.7,13,3.78557e+07
3.7,14,347674
3.7,15,8.38211e+06
3.7,16,4.79823e+07
3.7,17,1.27424e+07
3.7,18,4.22012e+07
3.7,19,409695
3.7,20,1.61763e+06
3.7,21,3.78551e+07
3.7,22,605346
3.7,23,7.67861e+06
3.7,24,5.20742e+07
3.7,25,1.83224e+06
3.7,26,4.3975e+07
3.7,27,3.27546e+06
3.7,28,4.91498e+07
3.7,29,4.42705e+07
3.8,0,760298
3.8,1,7.03395e+07
3.8,2,4.72295e+07
3.8,3,4.59185e+06
3.8,4,5.3524e+06
3.8,5,1.41339e+07
3.8,6,3.99077e+07
3.8,7,6.49418e+06
3.8,8,6.91219e+07
3.8,9,2.53282e+06
3.8,10,964392
3.8,11,2.25057e+07
3.8,12,2.3506e+06
3.8,13,5.44131e+06
3.8,14,1.27729e+07
3.8,15,7.1502e+07
3.8,16,1.9605e+08
3.8,17,8.00249e+06
3.8,18,4.88125e+07
3.8,19,2.86032e+07
3.8,20,4.27465e+06
3.8,21,3.74642e+07
3.8,22,3.20255e+06
3.8,23,6.05881e+07
3.8,24,2.01261e+08
3.8,25,3.53524e+06
3.8,26,4.24515e+06
3.8,27,5.89547e+06
3.8,28,4.13178e+07
3.8,29,1.83366e+06
3.9,0,466928
3.9,1,2.82546e+07
3.9,2,2.73309e+07
3.9,3,6.30497e+06
3.9,4,165136
3.9,5,1.10259e+07
3.9,6,2.33513e+07
3.9,7,3.9713e+07
3.9,8,1.78492e+08
3.9,9,1.06399e+06
3.9,10,637803
3.9,11,4.15756e+06
3.9,12,5.66562e+06
3.9,13,5.04978e+07
3.9,14,1.18166e+07
3.9,15,963067
3.9,16,1.5409e+08
3.9,17,23119.5
3.9,18,1.0885e+06
3.9,19,1.95751e+07
3.9,20,8.31589e+06
3.9,21,9.80074e+06
3.9,22,2.05538e+07
3.9,23,1.19687e+08
3.9,24,1.4418e+08
3.9,25,5.88249e+07
3.9,26,3.86536e+07
3.9,27,1.42553e+06
3.9,28,3.42343e+06
3.9,29,1.66796e+07
4,0,8.23302e+06
4,1,4.05784e+06
4,2,3.91489e+07
4,3,9.54439e+06
4,4,2.61132e+06
4,5,1.28572e+07
4,6,1.72712e+07
4,7,268304
4,8,1.46313e+08
4,9,153978
4,10,1.99468e+06
4,11,1.10228e+07
4,12,2.54029e+07
4,13,3.75824e+06
4,14,4.19011e+07
4,15,5.55322e+07
4,16,1.06289e+08
4,17,7589.81
4,18,4.65912e+07
4,19,3.4486e+06
4,20,1.53364e+07
4,21,3.1908e+06
4,22,850198
4,23,7.18828e+07
4,24,5.20236e+06
4,25,494828
4,26,1.00253e+06
4,27,7.04353e+06
4,28,9.62122e+07
4,29,1.06347e+06
4.1,0,1.2608e+07
4.1,1,1.86606e+06
4.1,2,5.82586e+06
4.1,3,6.38391e+06
4.1,4,5.38159e+07
4.1,5,5.48901e+07
4.1,6,7.86097e+06
4.1,7,1.302e+06
4.1,8,1.18721e+08
4.1,9,1.47612e+06
4.1,10,2.95994e+06
4.1,11,1.97244e+06
4.1,12,1.28393e+06
4.1,13,1.11882e+07
4.1,14,3.59227e+06
4.1,15,8.29145e+06
4.1,16,3.85587e+07
4.1,17,2.12232e+07
4.1,18,5.49644e+07
4.1,19,7.76682e+07
4.1,20,1.48833e+07
4.1,21,1.17048e+06
4.1,22,116576
4.1,23,1.09032e+08
4.1,24,2.73057e+07
4.1,25,544491
4.1,26,1.25748e+07
4.1,27,1.43176e+06
4.1,28,1.34408e+07
4.1,29,4.7575e+07
4.2,0,4.86515e+07
4.2,1,3.06047e+06
4.2,2,3.08054e+07
4.2,3,5.48522e+06
4.2,4,2.9262e+06
4.2,5,1.12652e+06
4.2,6,4.76527e+06
4.2,7,2.26255e+07
4.2,8,3.143e+07
4.2,9,4.24721e+06
4.2,10,5.12855e+07
4.2,11,7.05484e+06
4.2,12,1.72242e+07
4.2,13,4.25588e+06
4.2,14,5.48014e+06
4.2,15,4.20046e+07
4.2,16,4.56768e+07
4.2,17,253169
4.2,18,1.23393e+08
4.2,19,4.6968e+07
4.2,20,3.21557e+07
4.2,21,3.56611e+06
4.2,22,3.20636e+06
4.2,23,1.41021e+08
4.2,24,6.475e+07
4.2,25,69893.8
4.2,26,7.41554e+06
4.2,27,365580
4.2,28,2.87651e+07
4.2,29,9.79248e+07
4.3,0,3.83354e+06
4.3,1,7.78063e+06
4.3,2,4.07967e+07
4.3,3,3.11342e+07
4.3,4,3.21981e+07
4.3,5,3.58712e+06
4.3,6,90935.7
4.3,7,3.27825e+07
4.3,8,8.92888e+07
4.3,9,1.00389e+06
4.3,10,78318.8
4.3,11,1.2099e+07
4.3,12,2.68545e+07
4.3,13,1.43233e+06
4.3,14,5.86821e+07
4.3,15,2.28335e+07
4.3,16,1.28211e+08
4.3,17,6.26043e+06
4.3,18,4.83252e+06
4.3,19,3.97894e+06
4.3,20,1.37458e+06
4.3,21,2.93621e+07
4.3,22,2.76551e+07
4.3,23,1.48568e+08
4.3,24,6.63443e+07
4.3,25,823765
4.3,26,1.96445e+06
4.3,27,2.64491e+06
4.3,28,8.71715e+07
4.3,29,7.45105e+06
4.4,0,520331
4.4,1,1.85828e+06
4.4,2,2.68439e+06
4.4,3,2.90128e+06
4.4,4,8.10623e+07
4.4,5,1.89493e+07
4.4,6,6.99113e+06
4.4,7,3.83049e+06
4.4,8,2.18846e+08
4.4,9,932770
4.4,10,1.62287e+06
4.4,11,5.29443e+07
4.4,12,6.77024e+07
4.4,13,5.62676e+06
4.4,14,2.24489e+06
4.4,15,4.0565e+06
4.4,16,8.43267e+07
4.4,17,6.86242e+06
4.4,18,7.37651e+07
4.4,19,1.47514e+07
4.4,20,8.04709e+06
4.4,21,5.91692e+07
4.4,22,2.65755e+06
4.4,23,8.32884e+07
4.4,24,7.09669e+06
4.4,25,4.41494e+07
4.4,26,9.82552e+06
4.4,27,2.10664e+06
4.4,28,1.09121e+07
4.4,29,3.18136e+07
4.5,0,62853
4.5,1,443010
4.5,2,120255
4.5,3,120417
4.5,4,1.91302e+07
4.5,5,623871
4.5,6,5.91877e+06
4.5,7,1.87063e+07
4.5,8,1.46425e+08
4.5,9,1.45155e+07
4.5,10,740222
4.5,11,1.35685e+06
4.5,12,1.51381e+07
4.5,13,2.71386e+07
4.5,14,3.37692e+07
4.5,15,84307
4.5,16,1.57522e+08
4.5,17,143762
4.5,18,1.07045e+07
4.5,19,8.65153e+06
4.5,20,6.67619e+06
4.5,21,5.85395e+07
4.5,22,6.63874e+06
4.5,23,4.92733e+07
4.5,24,1.44915e+08
4.5,25,1.5011e+07
4.5,26,4.92181e+06
4.5,27,3.64327e+07
4.5,28,4.97342e+07
4.5,29,1.46755e+07
4.6,0,483385
4.6,1,5.22933e+07
4.6,2,2.11261e+06
4.6,3,6.35554e+07
4.6,4,3.58228e+06
4.6,5,1.0918e+06
4.6,6,1.71295e+07
4.6,7,6.48063e+07
4.6,8,1.65504e+08
4.6,9,124368
4.6,10,527482
4.6,11,1.58573e+06
4.6,12,3.76246e+07
4.6,13,7.06096e+06
4.6,14,3.52684e+07
4.6,15,1.72343e+06
4.6,16,1.15497e+08
4.6,17,2.29049e+07
4.6,18,1.15891e+07
4.6,19,2.99958e+06
4.6,20,356050
4.6,21,9.84191e+06
4.6,22,1.07513e+07
4.6,23,8.94281e+07
4.6,24,4.04105e+07
4.6,25,3.78532e+06
4.6,26,207002
4.6,27,1.81566e+07
4.6,28,1.94123e+07
4.6,29,6.69077e+06
4.7,0,2.04878e+06
4.7,1,1.13112e+07
4.7,2,3.22816e+06
4.7,3,8.11748e+06
4.7,4,7.38194e+07
4.7,5,4.63174e+07
4.7,6,779011
4.7,7,3.99062e+06
4.7,8,7.11897e+07
4.7,9,240117
4.7,10,58719.4
4.7,11,4.57901e+07
4.7,12,4.0665e+06
4.7,13,1.91614e+07
4.7,14,3.2033e+06
4.7,15,2.12948e+06
4.7,16,1.16766e+08
4.7,17,4.96893e+06
4.7,18,1.94181e+06
4.7,19,3.5338e+07
4.7,20,198003
4.7,21,9.21456e+07
4.7,22,4.30461e+07
4.7,23,1.28405e+07
4.7,24,573874
4.7,25,1.12744e+07
4.7,26,333164
4.7,27,1.16119e+07
4.7,28,3.58167e+07
4.7,29,2.16355e+07
4.8,0,2.94791e+06
4.8,1,187749
4.8,2,501680
4.8,3,1.12357e+08
4.8,4,785801
4.8,5,3.64757e+07
4.8,6,6.21372e+06
4.8,7,474103
4.8,8,1.9576e+08
4.8,9,2.50403e+06
4.8,10,3.17306e+06
4.8,11,563370
4.8,12,214821
4.8,13,290354
4.8,14,2.83416e+07
4.8,15,2.72794e+07
4.8,16,5.62042e+07
4.8,17,534492
4.8,18,1.39651e+07
4.8,19,9.28786e+07
4.8,20,3.21389e+06
4.8,21,9.02926e+07
4.8,22,1.5542e+06
4.8,23,2.6689e+07
4.8,24,5.24729e+07
4.8,25,2.67379e+07
4.8,26,2.25068e+07
4.8,27,485537
4.8,28,3.23587e+07
4.8,29,1.20195e+06
4.9,0,1.96515e+06
4.9,1,2.83299e+06
4.9,2,1.48338e+08
4.9,3,7.92655e+06
4.9,4,3.0335e+07
4.9,5,8.8782e+06
4.9,6,3.88839e+06
4.9,7,1.85511e+07
4.9,8,1.78467e+08
4.9,9,66488.5
4.9,10,318090
4.9,11,3.27119e+07
4.9,12,2.00238e+07
4.9,13,2.19029e+06
4.9,14,1.01605e+07
4.9,15,1.83637e+07
4.9,16,1.11162e+08
4.9,17,418658
4.9,18,4.17986e+07
4.9,19,5.92603e+07
4.9,20,417328
4.9,21,3.53775e+06
4.9,22,1.57824e+07
4.9,23,8.99222e+07
4.9,24,1.3321e+08
4.9,25,4.57942e+06
4.9,26,3.20349e+06
4.9,27,2.25949e+06
4.9,28,1.77853e+07
4.9,29,3.31438e+07
5,0,1.51333e+06
5,1,2.38129e+06
5,2,1.65015e+06
5,3,3.42598e+06
5,4,8.66622e+06
5,5,4.94245e+06
5,6,1.80164e+06
5,7,5.0709e+07
5,8,5.2578e+07
5,9,48569.5
5,10,97397.7
5,11,3.84305e+06
5,12,8.64889e+06
5,13,2.98149e+06
5,14,1.15745e+07
5,15,2.1552e+06
5,16,1.38723e+08
5,17,3.55453e+07
5,18,1.06932e+08
5,19,3.40506e+07
5,20,3.4876e+07
5,21,4.98602e+07
5,22,3.92959e+07
5,23,9.4528e+07
5,24,1.04414e+08
5,25,1.01085e+07
5,26,3.17252e+07
5,27,1.03375e+06
5,28,178808
5,29,2.00109e+06
5.1,0,331538
5.1,1,1.24548e+07
5.1,2,2.24852e+06
5.1,3,2.97437e+06
5.1,4,6.99738e+06
5.1,5,5.76625e+06
5.1,6,9.06701e+06
5.1,7,1.56025e+06
5.1,8,1.79264e+08
5.1,9,134922
5.1,10,1.30968e+06
5.1,11,4.43835e+06
5.1,12,1.73722e+07
5.1,13,4.12902e+07
5.1,14,1.66113e+06
5.1,15,3.03498e+07
5.1,16,1.45555e+08
5.1,17,8.83823e+07
5.1,18,5.04079e+07
5.1,19,9.38258e+07
5.1,20,4.33348e+06
5.1,21,2.79445e+06
5.1,22,406366
5.1,23,3.35623e+07
5.1,24,8.1076e+07
5.1,25,247843
5.1,26,3.21782e+06
5.1,27,2.97741e+07
5.1,28,3.4041e+07
5.1,29,5.43014e+07
5.2,0,6.31175e+06
5.2,1,1.09889e+06
5.2,2,297464
5.2,3,1.51287e+06
5.2,4,1.27664e+07
5.2,5,307067
5.2,6,9.60888e+06
5.2,7,1.82444e+06
5.2,8,3.30403e+07
5.2,9,71746.3
5.2,10,3.17819e+06
5.2,11,1.05438e+06
5.2,12,3.09056e+07
5.2,13,143046
5.2,14,5.65195e+07
5.2,15,3.05982e+07
5.2,16,1.49331e+08
5.2,17,141693
5.2,18,1.19694e+08
5.2,19,4.31467e+06
5.2,20,4.02829e+06
5.2,21,4.20126e+07
5.2,22,3.61693e+06
5.2,23,2.57693e+07
5.2,24,2.06187e+07
5.2,25,1.19944e+06
5.2,26,7.2769e+06
5.2,27,2.08534e+07
5.2,28,1.33862e+07
5.2,29,2.55457e+07
5.3,0,12633.9
5.3,1,1.18251e+07
5.3,2,333029
5.3,3,3.26787e+07
5.3,4,1.14747e+07
5.3,5,4.1887e+07
5.3,6,8.63074e+06
5.3,7,326835
5.3,8,1.63428e+08
5.3,9,5.40631e+06
5.3,10,1.06632e+06
5.3,11,1.83978e+07
5.3,12,2.11953e+06
5.3,13,86483.1
5.3,14,7.85001e+06
5.3,15,5.82077e+06
5.3,16,1.34308e+07
5.3,17,3.61055e+06
5.3,18,2.67223e+07
5.3,19,3.29388e+06
5.3,20,1.59915e+06
5.3,21,1.3673e+06
5.3,22,3.36305e+07
5.3,23,1.08051e+07
5.3,24,349182
5.3,25,839184
5.3,26,1.60691e+07
5.3,27,2.7648e+07
5.3,28,5.05779e+07
5.3,29,2.99667e+07
5.4,0,3.95986e+06
5.4,1,86067.8
5.4,2,1.91899e+06
5.4,3,2.05333e+07
5.4,4,5.7599e+07
5.4,5,3.91127e+07
5.4,6,980500
5.4,7,2.16943e+07
5.4,8,3.58913e+07
5.4,9,6.81617e+07
5.4,10,5.99096e+06
5.4,11,322421
5.4,12,1.33072e+06
5.4,13,2.21369e+07
5.4,14,1.22393e+06
5.4,15,7.17337e+07
5.4,16,3.95682e+07
5.4,17,2.05194e+06
5.4,18,5.68725e+07
5.4,19,796948
5.4,20,36893.7
5.4,21,7.86566e+06
5.4,22,2.15189e+07
5.4,23,7.49996e+07
5.4,24,2.89872e+07
5.4,25,279897
5.4,26,3.88082e+07
5.4,27,1.03461e+08
5.4,28,2.22769e+07
5.4,29,1.57918e+07
5.5,0,1.852e+06
5.5,1,1.145e+06
5.5,2,4.04331e+06
5.5,3,1.63228e+07
5.5,4,5.88081e+07
5.5,5,6.35597e+06
5.5,6,4.13637e+07
5.5,7,3.6563e+06
5.5,8,1.46039e+08
5.5,9,480683
5.5,10,483898
5.5,11,349066
5.5,12,5.47261e+07
5.5,13,2.78028e+06
5.5,14,4.30967e+07
5.5,15,319565
5.5,16,8.48874e+07
5.5,17,125733
5.5,18,1.46953e+08
5.5,19,9.36557e+07
5.5,20,4.1044e+06
5.5,21,365312
5.5,22,1.92762e+06
5.5,23,2.68629e+07
5.5,24,1.45532e+08
5.5,25,2.60541e+07
5.5,26,1.48853e+06
5.5,27,1.02028e+07
5.5,28,2.59295e+07
5.5,29,1.01866e+06
5.6,0,4.63879e+07
5.6,1,7.64851e+06
5.6,2,113195
5.6,3,112768
5.6,4,3.41965e+06
5.6,5,5.40067e+07
5.6,6,3.00481e+06
5.6,7,3.39989e+07
5.6,8,1.33573e+08
5.6,9,3.3987e+06
5.6,10,7.01514e+06
5.6,11,5.68488e+06
5.6,12,1.68548e+06
5.6,13,7.6625e+07
5.6,14,2.9902e+06
5.6,15,4.77997e+07
5.6,16,6.18089e+07
5.6,17,1.65973e+06
5.6,18,1.09807e+07
5.6,19,3.65662e+06
5.6,20,416642
5.6,21,1.74752e+06
5.6,22,3.6752e+07
5.6,23,4.76164e+07
5.6,24,1.77946e+08
5.6,25,6.923e+06
5.6,26,5.70271e+07
5.6,27,633650
5.6,28,3.96706e+07
5.6,29,3.18687e+07
5.7,0,253655
5.7,1,1.98878e+06
5.7,2,1.28376e+07
5.7,3,2.96449e+06
5.7,4,361664
5.7,5,5.87206e+07
5.7,6,315754
5.7,7,2.62113e+07
5.7,8,1.24838e+08
5.7,9,1.68663e+06
5.7,10,1.19238e+06
5.7,11,8.92374e+07
5.7,12,7.62971e+06
5.7,13,2.65763e+07
5.7,14,3.26745e+07
5.7,15,3.03516e+07
5.7,16,1.36931e+08
5.7,17,7951.89
5.7,18,7.17532e+07
5.7,19,1.46819e+07
5.7,20,173539
5.7,21,5.09319e+06
5.7,22,5.18911e+07
5.7,23,6.00942e+07
5.7,24,9.23475e+07
5.7,25,4.46019e+07
5.7,26,5.58343e+06
5.7,27,983315
5.7,28,1.79339e+07
5.7,29,56688.5
5.8,0,6.82412e+06
5.8,1,7.6409e+06
5.8,2,2.20295e+07
5.8,3,576397
5.8,4,8.48807e+07
5.8,5,5.17123e+06
5.8,6,1.35472e+06
5.8,7,6.70105e+07
5.8,8,1.48265e+08
5.8,9,1.0235e+07
5.8,10,1.38231e+06
5.8,11,61132.7
5.8,12,4.55175e+07
5.8,13,1.09654e+06
5.8,14,5.62002e+06
5.8,15,1.10817e+07
5.8,16,8.06684e+06
5.8,17,1.20492e+06
5.8,18,5.35631e+07
5.8,19,7.65208e+06
5.8,20,2.82167e+07
5.8,21,3785.14
5.8,22,1.44597e+07
5.8,23,1.12386e+07
5.8,24,1.62553e+07
5.8,25,1.61666e+06
5.8,26,1.82304e+06
5.8,27,126411
5.8,28,3.07156e+07
5.8,29,3.04427e+07
5.9,0,2.63658e+07
5.9,1,478639
5.9,2,7.5375e+06
5.9,3,1.48678e+06
5.9,4,4.74435e+06
5.9,5,2.58591e+07
5.9,6,146414
5.9,7,1.86828e+07
5.9,8,2.08409e+08
5.9,9,150950
5.9,10,268727
5.9,11,8.25084e+06
5.9,12,188554
5.9,13,1.41367e+07
5.9,14,4.15159e+07
5.9,15,4.21356e+06
5.9,16,7.23253e+06
5.9,17,9.01535e+06
5.9,18,1.09062e+07
5.9,19,1.45343e+07
5.9,20,82754.2
5.9,21,4.36173e+06
5.9,22,1.5039e+07
5.9,23,1.7929e+08
5.9,24,8.55849e+07
5.9,25,5.02405e+07
5.9,26,2.19738e+07
5.9,27,4.69766e+07
5.9,28,1.80099e+07
5.9,29,746454
6,0,4.57146e+07
6,1,1.18802e+07
6,2,5.90567e+07
6,3,5.55986e+07
6,4,5.02175e+07
6,5,1.86389e+07
6,6,3.97517e+07
6,7,1.91143e+06
6,8,3.56136e+07
6,9,75122.9
6,10,24519.4
6,11,1.18545e+07
6,12,2.12097e+06
6,13,1.46835e+07
6,14,3.68391e+07
6,15,4.54561e+06
6,16,6.72329e+07
6,17,4.15367e+06
6,18,8.13974e+07
6,19,9.05234e+06
6,20,24719.3
6,21,1.40828e+07
6,22,3.81001e+06
6,23,9.92631e+07
6,24,1.13902e+08
6,25,532366
6,26,542121
6,27,3.73371e+06
6,28,3.81575e+06
6,29,1.208e+07
6.1,0,1.17254e+06
6.1,1,2.71919e+06
6.1,2,5.78905e+07
6.1,3,4.02535e+07
6.1,4,392211
6.1,5,5.63245e+07
6.1,6,3.51572e+06
6.1,7,912807
6.1,8,1.8742e+08
6.1,9,1.66417e+06
6.1,10,912900
6.1,11,262405
6.1,12,1.19727e+07
6.1,13,5.2483e+06
6.1,14,519230
6.1,15,4.36786e+06
6.1,16,1.72332e+08
6.1,17,850523
6.1,18,1.98117e+07
6.1,19,6.2867e+07
6.1,20,8.47524e+06
6.1,21,9.21378e+06
6.1,22,5.67036e+07
6.1,23,1.82251e+08
6.1,24,1.71365e+06
6.1,25,2.40067e+06
6.1,26,3.41641e+06
6.1,27,8.0604e+06
6.1,28,3.41551e+06
6.1,29,3.29954e+06
6.2,0,1.10649e+07
6.2,1,4.4576e+07
6.2,2,1.41527e+07
6.2,3,1.87282e+06
6.2,4,2.98527e+06
6.2,5,3.93589e+06
6.2,6,171057
6.2,7,3.27109e+06
6.2,8,1.62884e+08
6.2,9,3.00364e+06
6.2,10,2.73136e+06
6.2,11,1.29409e+06
6.2,12,1.80299e+07
6.2,13,5.15769e+07
6.2,14,2.32563e+07
6.2,15,1.36737e+06
6.2,16,254579
6.2,17,967613
6.2,18,5.60752e+07
6.2,19,2.46126e+06
6.2,20,1.10688e+06
6.2,21,1.42335e+07
6.2,22,4.90584e+06
6.2,23,7.12901e+07
6.2,24,6.27338e+07
6.2,25,284959
6.2,26,43432.4
6.2,27,3.44231e+06
6.2,28,1.39531e+07
6.2,29,2.95389e+07
6.3,0,1.20873e+07
6.3,1,4.45528e+07
6.3,2,1.53466e+07
6.3,3,6.98767e+06
6.3,4,3.11627e+07
6.3,5,1.13721e+06
6.3,6,138918
6.3,7,1.8309e+07
6.3,8,1.31845e+08
6.3,9,2.98904e+07
6.3,10,2.99262e+06
6.3,11,3.22783e+06
6.3,12,2.75725e+07
6.3,13,3.19455e+06
6.3,14,1.18695e+07
6.3,15,674061
6.3,16,9.539e+07
6.3,17,207293
6.3,18,2.91165e+07
6.3,19,8.19541e+06
6.3,20,32004.9
6.3,21,4.32627e+06
6.3,22,1.08191e+07
6.3,23,1.45375e+08
6.3,24,3.136e+07
6.3,25,74330.5
6.3,26,7.17578e+06
6.3,27,2.52012e+06
6.3,28,2.34846e+07
6.3,29,3.75196e+07
6.4,0,193397
6.4,1,3.01066e+07
6.4,2,9.14801e+07
6.4,3,386521
6.4,4,1.42785e+07
6.4,5,2.51775e+06
6.4,6,1.91064e+07
6.4,7,6.18803e+06
6.4,8,1.00422e+08
6.4,9,1.44054e+07
6.4,10,2.39949e+06
6.4,11,2.33671e+06
6.4,12,7.09821e+06
6.4,13,5.18004e+06
6.4,14,7.67033e+06
6.4,15,531291
6.4,16,1.44969e+08
6.4,17,3.626e+06
6.4,18,8.19894e+07
6.4,19,1.73413e+06
6.4,20,1.10528e+07
6.4,21,6.21655e+06
6.4,22,468062
6.4,23,6.18666e+07
6.4,24,1.29969e+07
6.4,25,1.30939e+07
6.4,26,157703
6.4,27,1.38131e+06
6.4,28,4.8952e+07
6.4,29,104376
6.5,0,9.13745e+06
6.5,1,3.63387e+06
6.5,2,3.7404e+06
6.5,3,4.63068e+06
6.5,4,8.87124e+06
6.5,5,6.76864e+06
6.5,6,421854
6.5,7,2.26526e+07
6.5,8,1.48024e+08
6.5,9,96916.2
6.5,10,1.05627e+07
6.5,11,1.33611e+07
6.5,12,1.161e+08
6.5,13,8.42503e+07
6.5,14,1.53608e+06
6.5,15,5.45941e+07
6.5,16,5.51561e+07
6.5,17,7.53395e+06
6.5,18,5.36292e+07
6.5,19,1.5793e+07
6.5,20,1.7887e+07
6.5,21,3.13362e+06
6.5,22,2.93787e+06
6.5,23,1.01142e+07
6.5,24,7.6223e+07
6.5,25,8.19166e+06
6.5,26,8.28728e+06
6.5,27,7.19967e+07
6.5,28,3.72871e+06
6.5,29,9.91585e+07
6.6,0,4.26186e+06
6.6,1,192694
6.6,2,1.09353e+07
6.6,3,365581
6.6,4,5.43374e+07
6.6,5,2.3731e+06
6.6,6,697352
6.6,7,2.17614e+06
6.6,8,1.47083e+08
6.6,9,89186.2
6.6,10,8.82701e+06
6.6,11,9.77655e+06
6.6,12,9.24283e+07
6.6,13,9.67403e+07
6.6,14,803668
6.6,15,646277
6.6,16,1.40961e+08
6.6,17,1.90904e+07
6.6,18,7.22965e+07
6.6,19,2.91863e+06
6.6,20,670007
6.6,21,189762
6.6,22,303700
6.6,23,5.11742e+07
6.6,24,9.14447e+07
6.6,25,7.09874e+07
6.6,26,1.55107e+06
6.6,27,2.31857e+06
6.6,28,1.67908e+07
6.6,29,5.24577e+07
6.7,0,5.60227e+06
6.7,1,1.38242e+07
6.7,2,2.87639e+07
6.7,3,2.18314e+07
6.7,4,2.39055e+07
6.7,5,4.9869e+07
6.7,6,1.06529e+08
6.7,7,7.14383e+06
6.7,8,1.72192e+08
6.7,9,900526
6.7,10,1.22857e+06
6.7,11,1.08041e+06
6.7,12,1.22782e+08
6.7,13,2.27601e+07
6.7,14,3.5836e+07
6.7,15,1.20876e+07
6.7,16,1.00984e+08
6.7,17,2.09914e+06
6.7,18,2.84136e+07
6.7,19,700137
6.7,20,1.60271e+06
6.7,21,5.17827e+06
6.7,22,1.25052e+08
6.7,23,1.06039e+08
6.7,24,8.22709e+07
6.7,25,185098
6.7,26,2.30127e+07
6.7,27,401.035
6.7,28,1.68574e+07
6.7,29,5.2361e+07
6.8,0,1.81133e+06
6.8,1,6.85265e+06
6.8,2,683469
6.8,3,9.02833e+07
6.8,4,873160
6.8,5,3.61293e+07
6.8,6,3.35582e+07
6.8,7,2.63896e+07
6.8,8,1.41014e+08
6.8,9,336362
6.8,10,55952.9
6.8,11,388974
6.8,12,1.53128e+07
6.8,13,811912
6.8,14,4.4773e+07
6.8,15,6.85596e+06
6.8,16,4.45198e+07
6.8,17,20604.5
6.8,18,4.90556e+07
6.8,19,1.45246e+07
6.8,20,135671
6.8,21,5.39639e+06
6.8,22,6.53858e+06
6.8,23,3.93238e+07
6.8,24,1.0577e+08
6.8,25,3.03111e+06
6.8,26,6.24777e+06
6.8,27,217123
6.8,28,3.71185e+06
6.8,29,2.90799e+06
6.9,0,5.09952e+06
6.9,1,415762
6.9,2,2.12045e+07
6.9,3,4.83857e+06
6.9,4,7.47375e+06
6.9,5,1.95314e+07
6.9,6,2.21886e+07
6.9,7,3.12778e+07
6.9,8,1.28586e+08
6.9,9,570857
6.9,10,3.14646e+06
6.9,11,1.68983e+06
6.9,12,1.50724e+06
6.9,13,3.38418e+06
6.9,14,9.19684e+07
6.9,15,1.51499e+07
6.9,16,8.22209e+07
6.9,17,6.80082e+06
6.9,18,4.9226e+06
6.9,19,314344
6.9,20,671599
6.9,21,1.62689e+07
6.9,22,3.30687e+06
6.9,23,100217
6.9,24,6.31596e+07
6.9,25,8.7844e+07
6.9,26,26290
6.9,27,4.04306e+07
6.9,28,2.26072e+07
6.9,29,362169
7,0,1.25047e+06
7,1,1.67191e+07
7,2,6.55938e+06
7,3,336288
7,4,7.70112e+07
7,5,3.44469e+07
7,6,1.05021e+07
7,7,1.36621e+07
7,8,6.85066e+07
7,9,2.43243e+06
7,10,6.8044e+07
7,11,8.66166e+06
7,12,1.45891e+07
7,13,2.56129e+07
7,14,1.18903e+07
7,15,3.56868e+06
7,16,1.3099e+08
7,17,161993
7,18,1.75299e+06
7,19,1.01657e+08
7,20,6928.57
7,21,4.57584e+07
7,22,2.5406e+06
7,23,8.40781e+06
7,24,9.13137e+07
7,25,361596
7,26,1.89993e+06
7,27,1.79225e+06
7,28,3.3061e+07
7,29,3.70948e+06
7.1,0,5.5266e+06
7.1,1,2.37834e+07
7.1,2,3.39804e+07
7.1,3,2.23058e+07
7.1,4,2.73887e+07
7.1,5,4.1398e+07
7.1,6,2.96798e+07
7.1,7,6.62243e+06
7.1,8,2.44518e+08
7.1,9,4.29844e+06
7.1,10,7.38454e+06
7.1,11,110060
7.1,12,1.11724e+07
7.1,13,2.70556e+07
7.1,14,495581
7.1,15,910205
7.1,16,5.05654e+07
7.1,17,263667
7.1,18,780405
7.1,19,1.45105e+07
7.1,20,1.58487e+06
7.1,21,2.01533e+07
7.1,22,2.24024e+06
7.1,23,1.21798e+08
7.1,24,2.32669e+07
7.1,25,1.26671e+07
7.1,26,919227
7.1,27,4.42799e+06
7.1,28,4.23555e+07
7.1,29,1.1046e+06
7.2,0,1.10375e+07
7.2,1,2.03474e+06
7.2,2,892754
7.2,3,327398
7.2,4,8.62451e+06
7.2,5,1.89535e+07
7.2,6,647566
7.2,7,1.59713e+07
7.2,8,2.03484e+08
7.2,9,96149.3
7.2,10,4.91654e+06
7.2,11,1.46974e+07
7.2,12,9.16356e+07
7.2,13,1.11861e+07
7.2,14,3.1188e+07
7.2,15,1.32232e+07
7.2,16,1.48002e+08
7.2,17,98196.2
7.2,18,5.25336e+07
7.2,19,4.33094e+07
7.2,20,11755.6
7.2,21,655087
7.2,22,1.61491e+06
7.2,23,1.52355e+08
7.2,24,1.9493e+07
7.2,25,8.29649e+06
7.2,26,1.07401e+08
7.2,27,2.06579e+07
7.2,28,2.54691e+07
7.2,29,1.31791e+07
7.3,0,1.08568e+07
7.3,1,2.40942e+07
7.3,2,486768
7.3,3,37231.5
7.3,4,2.66085e+07
7.3,5,5.80553e+06
7.3,6,8.48177e+06
7.3,7,2.18353e+07
7.3,8,5.85953e+07
7.3,9,1.07748e+06
7.3,10,1.29368e+06
7.3,11,2.03011e+07
7.3,12,1.8852e+06
7.3,13,3.84633e+07
7.3,14,1.4244e+06
7.3,15,5.11434e+06
7.3,16,2.05682e+08
7.3,17,651251
7.3,18,243677
7.3,19,4.37415e+06
7.3,20,4.06244e+06
7.3,21,1.07105e+07
7.3,22,4.95293e+07
7.3,23,3.09759e+07
7.3,24,5.40895e+07
7.3,25,1.47846e+07
7.3,26,1.02452e+06
7.3,27,872472
7.3,28,1.42169e+06
7.3,29,426758
7.4,0,1.9676e+06
7.4,1,6.22007e+07
7.4,2,785082
7.4,3,3.88811e+06
7.4,4,765083
7.4,5,5.69653e+07
7.4,6,3.08655e+07
7.4,7,2.39892e+07
7.4,8,1.86989e+08
7.4,9,5.71258e+06
7.4,10,6.26049e+06
7.4,11,44130.9
7.4,12,4.32651e+07
7.4,13,2.47797e+06
7.4,14,2.27614e+07
7.4,15,65448.4
7.4,16,4.54484e+07
7.4,17,3.95431e+06
7.4,18,1.65729e+07
7.4,19,5.60953e+07
7.4,20,7.5407e+06
7.4,21,1.38628e+08
7.4,22,1.04881e+08
7.4,23,6.06584e+07
7.4,24,5.94526e+07
7.4,25,1.4966e+06
7.4,26,2.37016e+06
7.4,27,5.71777e+06
7.4,28,483100
7.4,29,9.53345e+06
7.5,0,130560
7.5,1,1.05704e+07
7.5,2,1.14184e+07
7.5,3,1.87764e+06
7.5,4,1.12253e+06
7.5,5,8.5385e+06
7.5,6,637193
7.5,7,2.38948e+07
7.5,8,1.56095e+08
7.5,9,136621
7.5,10,320094
7.5,11,1.01389e+06
7.5,12,6.06465e+07
7.5,13,2.56065e+07
7.5,14,6.89617e+06
7.5,15,4.05055e+06
7.5,16,3.01035e+07
7.5,17,2.09912e+07
7.5,18,3.79798e+07
7.5,19,3.33673e+07
7.5,20,1.67047e+06
7.5,21,4.18738e+07
7.5,22,1.64054e+06
7.5,23,8.12331e+07
7.5,24,1.31496e+08
7.5,25,53454.1
7.5,26,3.37023e+07
7.5,27,1.64492e+07
7.5,28,937620
7.5,29,2.89633e+06
7.6,0,1.33277e+07
7.6,1,4.49422e+06
7.6,2,4.32106e+06
7.6,3,2.35291e+06
7.6,4,1.86662e+06
7.6,5,820192
7.6,6,2.11688e+06
7.6,7,9.93228e+06
7.6,8,2.33457e+08
7.6,9,73338.3
7.6,10,14521.5
7.6,11,8.36522e+06
7.6,12,1.04556e+06
7.6,13,7.40804e+06
7.6,14,3.03857e+07
7.6,15,3.37136e+06
7.6,16,5.25658e+07
7.6,17,2.60733e+06
7.6,18,5.44642e+06
7.6,19,4.27612e+06
7.6,20,3.04909e+07
7.6,21,7.25482e+07
7.6,22,5.48758e+06
7.6,23,7.56493e+07
7.6,24,1.06857e+08
7.6,25,6.45577e+06
7.6,26,95737.5
7.6,27,1.02536e+08
7.6,28,2.05044e+07
7.6,29,1.22056e+07
7.7,0,1.6263e+06
7.7,1,691648
7.7,2,2.35902e+07
7.7,3,2.01075e+06
7.7,4,3.03456e+07
7.7,5,1.14753e+07
7.7,6,5.73639e+06
7.7,7,3.38935e+06
7.7,8,1.2331e+08
7.7,9,238529
7.7,10,4.85724e+06
7.7,11,4.09004e+06
7.7,12,1.63864e+06
7.7,13,3.88321e+06
7.7,14,788356
7.7,15,1.79957e+06
7.7,16,6.64724e+07
7.7,17,8.70897e+06
7.7,18,5.86956e+06
7.7,19,738297
7.7,20,5994.36
7.7,21,1.41297e+07
7.7,22,9.15766e+06
7.7,23,8.14553e+07
7.7,24,3.03632e+07
7.7,25,2.10569e+06
7.7,26,3.95603e+06
7.7,27,955447
7.7,28,8.88625e+06
7.7,29,4.56415e+06
7.8,0,3.95204e+06
7.8,1,7.9837e+06
7.8,2,232839
7.8,3,7.41876e+06
7.8,4,8.4727e+07
7.8,5,2.34306e+06
7.8,6,76484.6
7.8,7,5.19595e+07
7.8,8,1.2172e+08
7.8,9,2.03238e+06
7.8,10,1.03016e+06
7.8,11,205482
7.8,12,5.49619e+06
7.8,13,3.06222e+07
7.8,14,1.99629e+06
7.8,15,5.12345e+06
7.8,16,6.96762e+07
7.8,17,5.15967e+07
7.8,18,4.23508e+07
7.8,19,99934.3
7.8,20,156504
7.8,21,1.46959e+07
7.8,22,8.26114e+06
7.8,23,1.04273e+08
7.8,24,1.13449e+08
7.8,25,1.7444e+07
7.8,26,3.35709e+07
7.8,27,549205
7.8,28,149045
7.8,29,1.60896e+07
7.9,0,5.00796e+06
7.9,1,1.70581e+06
7.9,2,1.5133e+06
7.9,3,1.62951e+06
7.9,4,1.95044e+07
7.9,5,6.39995e+06
7.9,6,2.30047e+07
7.9,7,1.02557e+07
7.9,8,3.95575e+07
7.9,9,1.3947e+07
7.9,10,1.483e+06
7.9,11,2.45617e+07
7.9,12,1.27932e+07
7.9,13,3.80113e+07
7.9,14,2.16421e+06
7.9,15,2.21804e+06
7.9,16,3.45835e+07
7.9,17,1.40818e+06
7.9,18,2.86139e+07
7.9,19,1.1262e+06
7.9,20,1.1643e+06
7.9,21,1.56326e+06
7.9,22,506246
7.9,23,1.86934e+08
7.9,24,1.47142e+08
7.9,25,1.55618e+06
7.9,26,1.23982e+06
7.9,27,274503
7.9,28,3.61694e+07
7.9,29,7.95281e+06
8,0,57793
8,1,8.98221e+06
8,2,1.75889e+07
8,3,588348
8,4,1.48852e+07
8,5,2.37707e+07
8,6,7.55861e+06
8,7,1.68795e+07
8,8,2.63918e+07
8,9,1.18912e+07
8,10,90734.6
8,11,482073
8,12,4.671e+06
8,13,1.44326e+07
8,14,2.47733e+07
8,15,7.80411e+07
8,16,7.65313e+07
8,17,139382
8,18,6.30056e+07
8,19,1.12473e+07
8,20,1.89322e+07
8,21,2.14251e+07
8,22,8.27873e+07
8,23,5.73094e+07
8,24,1.54101e+08
8,25,4.78658e+06
8,26,1.96695e+07
8,27,1.10772e+08
8,28,1.22024e+07
8,29,5.54784e+06
8.1,0,1.05958e+08
8.1,1,2.30206e+06
8.1,2,1.56515e+07
8.1,3,2.86324e+06
8.1,4,1.94654e+07
8.1,5,1.52024e+07
8.1,6,2.47062e+06
8.1,7,6.97178e+06
8.1,8,1.66339e+08
8.1,9,2.58195e+06
8.1,10,6.85118e+07
8.1,11,6.78847e+07
8.1,12,1.19674e+07
8.1,13,7.06695e+07
8.1,14,2.04825e+07
8.1,15,1.65249e+07
8.1,16,2.03149e+08
8.1,17,7.6648e+06
8.1,18,1.89403e+06
8.1,19,5.617e+06
8.1,20,10625.7
8.1,21,1.02851e+07
8.1,22,2.17162e+07
8.1,23,8.52901e+07
8.1,24,1.04176e+08
8.1,25,1.98237e+07
8.1,26,7.40335e+06
8.1,27,3.9574e+07
8.1,28,4.9952e+06
8.1,29,6.65854e+07
8.2,0,1.57388e+07
8.2,1,4.76905e+07
8.2,2,5.8821e+07
8.2,3,8.46555e+06
8.2,4,4.73882e+06
8.2,5,4.41803e+07
8.2,6,54404.2
8.2,7,4.73105e+07
8.2,8,9.60636e+07
8.2,9,2.45522e+06
8.2,10,441625
8.2,11,1.74952e+07
8.2,12,94159.1
8.2,13,1.01552e+08
8.2,14,3.37618e+07
8.2,15,9.32604e+06
8.2,16,1.43077e+08
8.2,17,7.21414e+06
8.2,18,316906
8.2,19,1.83228e+07
8.2,20,897520
8.2,21,3.38568e+06
8.2,22,5891.46
8.2,23,2.07091e+06
8.2,24,5.25878e+07
8.2,25,609012
8.2,26,5.44173e+07
8.2,27,447616
8.2,28,4.62703e+06
8.2,29,5.27699e+07
8.3,0,3.68158e+06
8.3,1,5.84995e+07
8.3,2,8.85364e+06
8.3,3,2.6465e+07
8.3,4,92100.9
8.3,5,5.98788e+07
8.3,6,2.42985e+06
8.3,7,2.07449e+06
8.3,8,1.12635e+08
8.3,9,2.22023e+06
8.3,10,399322
8.3,11,6.73515e+06
8.3,12,2.19565e+06
8.3,13,691600
8.3,14,8.52801e+07
8.3,15,284731
8.3,16,399460
8.3,17,4.60884e+06
8.3,18,3.28725e+07
8.3,19,6.29086e+07
8.3,20,478772
8.3,21,5.5409e+06
8.3,22,5.45238e+06
8.3,23,7.11728e+07
8.3,24,8.55282e+07
8.3,25,4.91987e+07
8.3,26,2.53216e+07
8.3,27,3.07023e+07
8.3,28,1.77399e+07
8.3,29,8.01481e+07
8.4,0,6.82198e+06
8.4,1,2.56231e+07
8.4,2,103309
8.4,3,1.4399e+07
8.4,4,9.6375e+06
8.4,5,2.96965e+07
8.4,6,1.39371e+07
8.4,7,1.02013e+06
8.4,8,1.35927e+08
8.4,9,258859
8.4,10,2.87702e+07
8.4,11,7.66553e+07
8.4,12,1.06371e+07
8.4,13,2.0691e+07
8.4,14,5.76408e+07
8.4,15,2.26071e+07
8.4,16,9.24338e+07
8.4,17,2.14234e+06
8.4,18,6.5218e+07
8.4,19,7.57902e+07
8.4,20,11321.3
8.4,21,1.96937e+06
8.4,22,770431
8.4,23,7.06108e+07
8.4,24,1.43657e+08
8.4,25,19874.8
8.4,26,880525
8.4,27,13119.5
8.4,28,1.25473e+08
8.4,29,7.86742e+07
8.5,0,136226
8.5,1,2.3361e+06
8.5,2,7.0664e+07
8.5,3,1.1815e+06
8.5,4,4.22645e+07
8.5,5,4.33623e+07
8.5,6,2.02599e+06
8.5,7,61626
8.5,8,8.04235e+07
8.5,9,1.1366e+06
8.5,10,1.25951e+07
8.5,11,1.38336e+07
8.5,12,3.33649e+07
8.5,13,2.37468e+07
8.5,14,7.39346e+07
8.5,15,1.07621e+06
8.5,16,4.53856e+07
8.5,17,1.79445e+06
8.5,18,5.9617e+07
8.5,19,5.33496e+07
8.5,20,246347
8.5,21,1.81024e+07
8.5,22,5.12043e+07
8.5,23,1.75521e+08
8.5,24,5.16995e+06
8.5,25,6.45678e+07
8.5,26,134316
8.5,27,4.07455e+07
8.5,28,4.69569e+07
8.5,29,1.43648e+06
8.6,0,520399
8.6,1,6.31994e+06
8.6,2,2.24585e+06
8.6,3,6.181e+06
8.6,4,1.2359e+07
8.6,5,7.64381e+07
8.6,6,467243
8.6,7,3.19041e+07
8.6,8,6.83649e+07
8.6,9,113220
8.6,10,7.62623e+06
8.6,11,2.05098e+07
8.6,12,1.92108e+06
8.6,13,1.09067e+07
8.6,14,6.31721e+06
8.6,15,1.37874e+07
8.6,16,6.86942e+07
8.6,17,1.76825e+06
8.6,18,2.04921e+07
8.6,19,1.65394e+06
8.6,20,5.01892e+06
8.6,21,1.54503e+07
8.6,22,5.38533e+06
8.6,23,4.82381e+07
8.6,24,5.12959e+07
8.6,25,54767.1
8.6,26,1.52259e+07
8.6,27,4.27366e+06
8.6,28,181090
8.6,29,1.37125e+07
8.7,0,104144
8.7,1,1.70479e+07
8.7,2,320143
8.7,3,1.29738e+07
8.7,4,8.58637e+06
8.7,5,5.54595e+06
8.7,6,3.84211e+06
8.7,7,1.32331e+06
8.7,8,1.68716e+08
8.7,9,2.02685e+06
8.7,10,83025.9
8.7,11,1.63804e+07
8.7,12,8.56522e+07
8.7,13,289388
8.7,14,2.43789e+07
8.7,15,643913
8.7,16,4.22243e+07
8.7,17,2.65758e+06
8.7,18,1.3673e+07
8.7,19,1.98659e+06
8.7,20,5.73402e+07
8.7,21,5.34779e+07
8.7,22,137165
8.7,23,1.05319e+07
8.7,24,1.45387e+07
8.7,25,737097
8.7,26,3.7285e+07
8.7,27,913223
8.7,28,3.71951e+07
8.7,29,1.04392e+07
8.8,0,2.74155e+07
8.8,1,3.86019e+07
8.8,2,1.37884e+06
8.8,3,552065
8.8,4,2.1928e+06
8.8,5,4.96037e+06
8.8,6,1.92422e+06
8.8,7,6.62625e+07
8.8,8,1.55467e+08
8.8,9,128893
8.8,10,2.16687e+07
8.8,11,9.47097e+06
8.8,12,1.41963e+07
8.8,13,1.42294e+07
8.8,14,3.97202e+07
8.8,15,1.29443e+07
8.8,16,5.68437e+07
8.8,17,4.09866e+06
8.8,18,1.58796e+07
8.8,19,7.8097e+06
8.8,20,97058.9
8.8,21,2.8314e+07
8.8,22,1.60678e+07
8.8,23,1.03806e+08
8.8,24,9.61422e+07
8.8,25,1.27039e+07
8.8,26,2.09537e+07
8.8,27,420032
8.8,28,2.17883e+07
8.8,29,1.44501e+06
8.9,0,1.03709e+06
8.9,1,4.62493e+07
8.9,2,202356
8.9,3,1.62545e+06
8.9,4,2.13216e+07
8.9,5,5.63322e+07
8.9,6,1.30293e+07
8.9,7,1.33896e+07
8.9,8,2.45163e+08
8.9,9,5.27647e+06
8.9,10,1.77239e+06
8.9,11,5.60076e+07
8.9,12,3.49699e+07
8.9,13,1.24333e+07
8.9,14,2.99902e+07
8.9,15,1.51171e+06
8.9,16,1.81326e+08
8.9,17,1.66299e+06
8.9,18,722535
8.9,19,2.28384e+07
8.9,20,3.27361e+06
8.9,21,727759
8.9,22,273801
8.9,23,7.80968e+07
8.9,24,1.27279e+08
8.9,25,2.48322e+07
8.9,26,1.64082e+07
8.9,27,1.08389e+07
8.9,28,6.04394e+07
8.9,29,816703
9,0,1.62692e+06
9,1,4.22951e+06
9,2,3.94233e+07
9,3,4.54435e+07
9,4,2.69498e+06
9,5,216268
9,6,4.10253e+06
9,7,1.82656e+07
9,8,4.32378e+07
9,9,2.88033e+07
9,10,2.16891e+06
9,11,3.60255e+06
9,12,2.05179e+07
9,13,1.16832e+06
9,14,1.29908e+06
9,15,4.34284e+07
9,16,1.00484e+08
9,17,4.77608e+06
9,18,5.08018e+07
9,19,3.05426e+07
9,20,1.83088e+07
9,21,1.59034e+06
9,22,2.63069e+06
9,23,7.8372e+07
9,24,1.49012e+08
9,25,9.3869e+06
9,26,2.11269e+07
9,27,1.25484e+06
9,28,4.84165e+07
9,29,4.42918e+06
9.1,0,5.18122e+06
9.1,1,3.28786e+07
9.1,2,4.06615e+06
9.1,3,1.04478e+07
9.1,4,4.78418e+07
9.1,5,1.00191e+07
9.1,6,3.06172e+06
9.1,7,4.5119e+07
9.1,8,7.28937e+07
9.1,9,1.77297e+06
9.1,10,362767
9.1,11,1.08542e+07
9.1,12,6.87953e+06
9.1,13,1.38079e+06
9.1,14,8.58342e+07
9.1,15,2.1094e+07
9.1,16,9.92498e+07
9.1,17,3.98966e+06
9.1,18,8.18271e+06
9.1,19,7.06891e+06
9.1,20,67696.2
9.1,21,2.27137e+06
9.1,22,4.46025e+06
9.1,23,3.53257e+07
9.1,24,1.3149e+08
9.1,25,451229
9.1,26,4.04914e+06
9.1,27,1.56333e+06
9.1,28,4.38723e+06
9.1,29,1.15894e+07
9.2,0,3.92278e+06
9.2,1,1.48427e+07
9.2,2,661125
9.2,3,2.09805e+07
9.2,4,9.09978e+06
9.2,5,3.15988e+06
9.2,6,1.56225e+06
9.2,7,1.53481e+07
9.2,8,1.78866e+08
9.2,9,36541.4
9.2,10,1.84507e+06
9.2,11,4.74136e+07
9.2,12,8.47254e+07
9.2,13,3.65656e+06
9.2,14,1.86012e+07
9.2,15,308308
9.2,16,7.06842e+07
9.2,17,3.5651e+06
9.2,18,5.16743e+07
9.2,19,6387.03
9.2,20,1.1478e+06
9.2,21,1.2636e+07
9.2,22,1.0452e+07
9.2,23,2.60242e+07
9.2,24,1.63744e+08
9.2,25,161722
9.2,26,1.94773e+06
9.2,27,2.54436e+07
9.2,28,8.59795e+06
9.2,29,2.64106e+07
9.3,0,774645
9.3,1,877456
9.3,2,2.82845e+07
9.3,3,6.1579e+06
9.3,4,1.70024e+06
9.3,5,4.34711e+07
9.3,6,2.24161e+07
9.3,7,4.59757e+07
9.3,8,5.91581e+07
9.3,9,737895
9.3,10,1.21906e+07
9.3,11,1.15741e+07
9.3,12,651891
9.3,13,7.84137e+06
9.3,14,3.81531e+06
9.3,15,9.39214e+06
9.3,16,7.66335e+07
9.3,17,117995
9.3,18,8.85189e+07
9.3,19,9.23597e+06
9.3,20,682522
9.3,21,2.4608e+07
9.3,22,4.50378e+07
9.3,23,2.02037e+07
9.3,24,4.82808e+07
9.3,25,1.57723e+07
9.3,26,9.55839e+07
9.3,27,160196
9.3,28,2.40582e+07
9.3,29,2.27129e+07
9.4,0,3.6746e+07
9.4,1,364955
9.4,2,7.79897e+06
9.4,3,2.98151e+06
9.4,4,1.12741e+07
9.4,5,8.27507e+07
9.4,6,1.69045e+07
9.4,7,787701
9.4,8,5.40368e+07
9.4,9,141057
9.4,10,1.52149e+07
9.4,11,1.59313e+07
9.4,12,4.47743e+07
9.4,13,9.93707e+06
9.4,14,7.68159e+07
9.4,15,1.25229e+06
9.4,16,1.10649e+08
9.4,17,8.86531e+06
9.4,18,5.89615e+06
9.4,19,1.44897e+07
9.4,20,439525
9.4,21,2.3153e+07
9.4,22,8.1842e+06
9.4,23,1.45784e+08
9.4,24,4.71515e+06
9.4,25,2.12232e+06
9.4,26,3.98588e+07
9.4,27,166742
9.4,28,1.3674e+07
9.4,29,7.48693e+07
9.5,0,1.13308e+06
9.5,1,3.4008e+06
9.5,2,1.17684e+07
9.5,3,4.36925e+07
9.5,4,387904
9.5,5,1.04763e+08
9.5,6,2.96088e+06
9.5,7,1.00788e+07
9.5,8,9.6387e+07
9.5,9,224213
9.5,10,431044
9.5,11,2.52127e+06
9.5,12,4.79818e+06
9.5,13,4.83003e+06
9.5,14,3.44131e+07
9.5,15,6.6376e+06
9.5,16,1.03729e+08
9.5,17,3.53509e+06
9.5,18,1.20973e+06
9.5,19,1.08187e+06
9.5,20,736420
9.5,21,9.76897e+07
9.5,22,1.12705e+07
9.5,23,9.85717e+07
9.5,24,8.32735e+07
9.5,25,2.10674e+06
9.5,26,271017
9.5,27,99322
9.5,28,1.43414e+07
9.5,29,378655
9.6,0,5.32904e+06
9.6,1,9.40324e+06
9.6,2,1.52112e+06
9.6,3,5.73103e+06
9.6,4,2.70256e+07
9.6,5,3.29548e+07
9.6,6,768350
9.6,7,8.14729e+06
9.6,8,2.6691e+07
9.6,9,1.23816e+06
9.6,10,283600
9.6,11,368072
9.6,12,5.40205e+06
9.6,13,3.25123e+07
9.6,14,714353
9.6,15,3.44933e+07
9.6,16,1.06543e+08
9.6,17,2.79489e+07
9.6,18,6.42418e+07
9.6,19,1.52566e+07
9.6,20,2.10398e+06
9.6,21,644639
9.6,22,1.09521e+07
9.6,23,7.21389e+06
9.6,24,2.31526e+07
9.6,25,3.97699e+06
9.6,26,7.33935e+06
9.6,27,1.39149e+06
9.6,28,8.17904e+06
9.6,29,2.5146e+07
9.7,0,45490.3
9.7,1,1.87717e+06
9.7,2,1.56167e+06
9.7,3,1.15775e+08
9.7,4,8.16726e+07
9.7,5,324361
9.7,6,3.65669e+06
9.7,7,506040
9.7,8,1.75644e+08
9.7,9,6.59294e+06
9.7,10,3.29808e+07
9.7,11,2.8793e+06
9.7,12,3.52568e+07
9.7,13,7.37415e+06
9.7,14,4.33813e+06
9.7,15,1.16061e+06
9.7,16,1.06972e+08
9.7,17,322926
9.7,18,3.19982e+07
9.7,19,1.21315e+07
9.7,20,1.14197e+06
9.7,21,2.36676e+06
9.7,22,1.01667e+07
9.7,23,1.66191e+07
9.7,24,4.67654e+06
9.7,25,5.65018e+06
9.7,26,379446
9.7,27,2.73214e+06
9.7,28,2.86309e+06
9.7,29,2.90162e+07
9.8,0,4.25687e+06
9.8,1,3.04053e+07
9.8,2,1.02136e+07
9.8,3,353554
9.8,4,3.24265e+07
9.8,5,1.66737e+06
9.8,6,2.56978e+06
9.8,7,2.29853e+06
9.8,8,2.47165e+08
9.8,9,172367
9.8,10,26327
9.8,11,88478.4
9.8,12,3.18862e+07
9.8,13,4.01971e+06
9.8,14,999031
9.8,15,2.64973e+07
9.8,16,1.0545e+08
9.8,17,1.79636e+07
9.8,18,1.08693e+08
9.8,19,1.44977e+07
9.8,20,1.31087e+06
9.8,21,3.84136e+06
9.8,22,1.51661e+07
9.8,23,9.19135e+07
9.8,24,8.47999e+07
9.8,25,299771
9.8,26,1.24214e+07
9.8,27,6.88569e+06
9.8,28,5.51758e+06
9.8,29,1.20262e+07
9.9,0,1.26904e+07
9.9,1,4.27653e+06
9.9,2,274857
9.9,3,2.54103e+07
9.9,4,9.33964e+06
9.9,5,2.45306e+07
9.9,6,1.2914e+07
9.9,7,7.55673e+07
9.9,8,1.18702e+08
9.9,9,254676
9.9,10,244852
9.9,11,952493
9.9,12,2.11723e+06
9.9,13,170626
9.9,14,4.90256e+06
9.9,15,7.56988e+07
9.9,16,1.61324e+08
9.9,17,2.16722e+07
9.9,18,8.90769e+06
9.9,19,8.75735e+07
9.9,20,2.53564e+06
9.9,21,1.67548e+06
9.9,22,2.20971e+07
9.9,23,2.87459e+07
9.9,24,1.10439e+08
9.9,25,3.31351e+06
9.9,26,8.59376e+06
9.9,27,932566
9.9,28,1.42189e+06
9.9,29,5.3171e+07
